Date,Close,High,Low,Open,Volume
2019-01-02,51264.05859375,52736.859375,50907.44921875,52736.859375,0
2019-01-03,51669.94140625,51870.8984375,51135.19921875,51264.05859375,0
2019-01-04,52202.94921875,52202.94921875,51654.19140625,51669.94140625,0
2019-01-07,51959.30078125,53199.03125,51813.73828125,52202.94921875,0
2019-01-08,52165.46875,52341.51953125,51959.30078125,51959.30078125,0
2019-01-09,53222.890625,53222.890625,52165.46875,52165.46875,0
2019-01-10,53271.01953125,53296.80078125,52798.75,53222.890625,0
2019-01-11,53653.37890625,53932.12890625,53271.01953125,53271.01953125,0
2019-01-14,53485.58984375,53653.37890625,53010.62109375,53653.37890625,0
2019-01-15,53533.5390625,53811.28125,53225.859375,53485.58984375,0
2019-01-16,53786.73828125,53786.73828125,53400.5390625,53533.5390625,0
2019-01-17,53436.2109375,53814.19140625,53115.96875,53786.73828125,0
2019-01-18,53731.5,53992.6484375,53436.2109375,53436.2109375,0
2019-01-21,54139.05078125,54238.078125,53731.5,53731.5,0
2019-01-22,54078.37109375,54139.05078125,53662.671875,54139.05078125,0
2019-01-23,53915.1484375,54078.37109375,53719.94140625,54078.37109375,0
2019-01-24,53639.08984375,53915.1484375,53435.33984375,53915.1484375,0
2019-01-25,54050.23046875,54221.69140625,53639.08984375,53639.08984375,0
2019-01-28,53767.46875,54173.37890625,53767.46875,54050.23046875,0
2019-01-29,54387.69921875,54504.5703125,53767.46875,53767.46875,0
2019-01-30,54131.671875,54426.94921875,53999.9609375,54387.69921875,0
2019-01-31,54156.75,54492.73046875,54100.55078125,54131.671875,0
2019-02-01,53930.140625,54242.421875,53733.58984375,54156.75,0
2019-02-04,53391.828125,54237.03125,53391.828125,53930.140625,0
2019-02-05,54209.41015625,54209.41015625,53391.828125,53391.828125,0
2019-02-06,54574.28125,54732.44921875,54209.41015625,54209.41015625,0
2019-02-07,53888.8515625,54574.28125,53631.80859375,54574.28125,0
2019-02-08,53244.1796875,54011.4609375,53244.1796875,53888.8515625,0
2019-02-11,53409.140625,53783.03125,53244.1796875,53244.1796875,0
2019-02-12,53960.51171875,54050.76171875,53409.140625,53409.140625,0
2019-02-13,54543.21875,54639.05859375,53781.37890625,53960.51171875,0
2019-02-14,54527.109375,54964.87890625,54372.01171875,54543.21875,0
2019-02-15,54628.41015625,54660.03125,53974.828125,54527.109375,0
2019-02-18,55259.98046875,55307.69921875,54628.41015625,54628.41015625,0
2019-02-19,55194.62109375,55489.58984375,54900.28125,55259.98046875,0
2019-02-20,55691.578125,56039.23046875,55188.9296875,55194.62109375,0
2019-02-21,55483.7890625,55839.19140625,55483.7890625,55691.578125,0
2019-02-22,55992.96875,56170.03125,55483.7890625,55483.7890625,0
2019-02-25,55878.19921875,56327.87890625,55878.19921875,55992.96875,0
2019-02-26,56242.80078125,56242.80078125,55657.859375,55878.19921875,0
2019-02-27,56297.94921875,56688.62890625,56109.73046875,56242.80078125,0
2019-02-28,56002.078125,56297.94921875,55828.7890625,56297.94921875,0
2019-03-01,56203.109375,56526.83984375,56002.078125,56002.078125,0
2019-03-04,56217.12890625,56847.12109375,56198.8515625,56203.109375,0
2019-03-05,55815.4296875,56541.5,55761.640625,56217.12890625,0
2019-03-06,56073.859375,56376.58984375,55815.4296875,55815.4296875,0
2019-03-07,55857.890625,56073.859375,55712.83984375,56073.859375,0
2019-03-08,55488.7890625,55857.890625,55401.51171875,55857.890625,0
2019-03-11,55580.6484375,55932.828125,55398.05859375,55488.7890625,0
2019-03-12,55699.80078125,55987.30859375,55245.87890625,55580.6484375,0
2019-03-13,55829.1015625,55932.6796875,55539.5390625,55699.80078125,0
2019-03-14,55789.44921875,56092.7890625,55595.80078125,55829.1015625,0
2019-03-15,56040.2109375,56380.5703125,55789.44921875,55789.44921875,0
2019-03-18,56769.859375,56869.140625,56040.2109375,56040.2109375,0
2019-03-19,56849.671875,57138.359375,56643.609375,56769.859375,0
2019-03-20,56145.671875,56849.671875,56145.671875,56849.671875,0
2019-03-22,56107.48046875,56433.37109375,55846.66015625,56145.671875,0
2019-03-25,55367.109375,56107.48046875,55144.23046875,56107.48046875,0
2019-03-26,55638.4296875,55707.51953125,55187.05078125,55367.109375,0
2019-03-27,56149.30078125,56576.26171875,55638.4296875,55638.4296875,0
2019-03-28,56059.5,56343.46875,56051.98046875,56149.30078125,0
2019-03-29,56462.55078125,56578.890625,56059.5,56059.5,0
2019-04-01,57109.640625,57317.76171875,56462.55078125,56462.55078125,0
2019-04-02,57158.0,57238.26953125,56856.80078125,57109.640625,0
2019-04-03,57926.01171875,58056.55078125,57158.0,57158.0,0
2019-04-04,57711.01953125,57926.01171875,57659.01171875,57926.01171875,0
2019-04-05,57776.359375,57978.69921875,57711.01953125,57711.01953125,0
2019-04-08,57985.78125,58101.73046875,57765.01953125,57776.359375,0
2019-04-09,57838.37109375,58164.01171875,57838.37109375,57985.78125,0
2019-04-10,58411.6484375,58411.6484375,57838.37109375,57838.37109375,0
2019-04-11,58186.19140625,58453.9296875,57887.96875,58411.6484375,0
2019-04-12,58405.30078125,58520.26171875,58069.2890625,58186.19140625,0
2019-04-15,58249.3515625,58405.30078125,58068.19921875,58405.30078125,0
2019-04-16,58902.640625,58943.96875,58249.3515625,58249.3515625,0
2019-04-17,58908.30859375,58951.9296875,58532.58984375,58902.640625,0
2019-04-18,59222.46875,59222.46875,58643.44921875,58908.30859375,0
2019-04-23,59544.80078125,59544.80078125,59039.3203125,59222.46875,0
2019-04-24,59102.6796875,59544.80078125,58785.1796875,59544.80078125,0
2019-04-25,58807.0703125,59102.6796875,58651.55859375,59102.6796875,0
2019-04-26,58894.19140625,58894.19140625,58505.48828125,58807.0703125,0
2019-04-29,58662.6796875,59012.078125,58561.578125,58894.19140625,0
2019-04-30,58528.3984375,58873.96875,58476.51171875,58662.6796875,0
2019-05-02,58743.55859375,58804.26953125,58527.12109375,58528.3984375,0
2019-05-03,59335.8984375,59365.0390625,58743.55859375,58743.55859375,0
2019-05-06,58712.828125,59335.8984375,58110.94921875,59335.8984375,0
2019-05-07,58043.6015625,58973.578125,58043.6015625,58712.828125,0
2019-05-09,56496.078125,58043.6015625,56496.078125,58043.6015625,0
2019-05-10,56780.75,57458.078125,56496.078125,56496.078125,0
2019-05-13,56373.6796875,57120.98828125,56202.55078125,56780.75,0
2019-05-14,56234.28125,56740.87109375,56234.28125,56373.6796875,0
2019-05-15,56043.2109375,56669.1796875,55373.7890625,56234.28125,0
2019-05-16,56537.71875,56636.62890625,55957.4609375,56043.2109375,0
2019-05-17,56183.2109375,56537.71875,55965.03125,56537.71875,0
2019-05-20,55616.96875,56183.2109375,55454.7890625,56183.2109375,0
2019-05-21,55523.94921875,55945.1015625,55439.55859375,55616.96875,0
2019-05-22,55231.05078125,55600.48046875,55223.05078125,55523.94921875,0
2019-05-23,54271.23828125,55231.05078125,54107.1796875,55231.05078125,0
2019-05-24,54423.55859375,54772.30078125,54271.23828125,54271.23828125,0
2019-05-27,54488.1484375,54748.75,54347.46875,54423.55859375,0
2019-05-28,54431.62890625,54791.44140625,54313.71875,54488.1484375,0
2019-05-29,54997.33984375,55075.8203125,54263.51953125,54431.62890625,0
2019-05-30,55700.58984375,55774.51953125,54997.33984375,54997.33984375,0
2019-05-31,55650.41015625,55700.58984375,55169.7890625,55700.58984375,0
2019-06-03,56286.30859375,56286.30859375,55650.41015625,55650.41015625,0
2019-06-04,56500.37890625,56562.73046875,55723.76171875,56286.30859375,0
2019-06-05,57073.37890625,57305.53125,56500.37890625,56500.37890625,0
2019-06-06,57090.53125,57360.9609375,56953.26953125,57073.37890625,0
2019-06-07,58099.83984375,58234.76953125,57090.53125,57090.53125,0
2019-06-10,58481.05078125,58626.0,58099.83984375,58099.83984375,0
2019-06-11,58767.62890625,58925.05078125,58481.05078125,58481.05078125,0
2019-06-12,58710.55078125,58793.12109375,58360.890625,58767.62890625,0
2019-06-13,58697.62890625,59001.9296875,58516.1796875,58710.55078125,0
2019-06-14,58193.78125,58809.76171875,57969.76953125,58697.62890625,0
2019-06-18,58629.08984375,58748.1484375,58193.78125,58193.78125,0
2019-06-19,58564.71875,59117.9296875,58526.37109375,58629.08984375,0
2019-06-20,58973.62109375,59128.46875,58564.71875,58564.71875,0
2019-06-21,58941.46875,59181.23046875,58698.359375,58973.62109375,0
2019-06-24,58756.01171875,59273.23046875,58523.55859375,58941.46875,0
2019-06-25,58343.23046875,58758.01953125,58246.5390625,58756.01171875,0
2019-06-26,58421.71875,58579.078125,58261.8203125,58343.23046875,0
2019-06-27,58066.6484375,58746.80859375,58066.6484375,58421.71875,0
2019-06-28,58203.83984375,58264.28125,57999.5,58066.6484375,0
2019-07-01,58472.51953125,58987.51953125,58203.83984375,58203.83984375,0
2019-07-02,58092.48046875,58668.83984375,57994.921875,58472.51953125,0
2019-07-03,58012.1796875,58216.1484375,57917.5,58092.48046875,0
2019-07-04,57829.46875,58092.55859375,57607.91015625,58012.1796875,0
2019-07-05,57589.8203125,57829.46875,57500.91015625,57829.46875,0
2019-07-08,57731.3984375,57794.26171875,57402.140625,57589.8203125,0
2019-07-09,56963.80078125,57731.3984375,56923.8515625,57731.3984375,0
2019-07-10,57597.87109375,57852.609375,56963.80078125,56963.80078125,0
2019-07-11,57273.140625,58033.390625,57132.05859375,57597.87109375,0
2019-07-12,57277.3515625,57548.25,57162.23046875,57273.140625,0
2019-07-15,57537.23046875,57537.23046875,57038.01953125,57277.3515625,0
2019-07-16,58052.71875,58052.71875,57394.1015625,57537.23046875,0
2019-07-17,57636.01171875,58067.9609375,57560.609375,58052.71875,0
2019-07-18,57872.53125,58019.05859375,57292.19921875,57636.01171875,0
2019-07-19,58248.73046875,58554.01171875,57872.53125,57872.53125,0
2019-07-22,58015.08984375,58253.421875,57805.421875,58248.73046875,0
2019-07-23,58309.58984375,58528.12109375,58015.08984375,58015.08984375,0
2019-07-24,57718.1015625,58344.2109375,57625.421875,58309.58984375,0
2019-07-25,57662.890625,58287.30859375,57413.01953125,57718.1015625,0
2019-07-26,57570.5390625,57736.51171875,57415.7109375,57662.890625,0
2019-07-29,58034.76953125,58062.0,57570.5390625,57570.5390625,0
2019-07-30,57241.55078125,58159.0703125,57081.109375,58034.76953125,0
2019-07-31,56784.609375,57241.55078125,56784.609375,57241.55078125,0
2019-08-01,57223.609375,57223.609375,56218.69921875,56784.609375,0
2019-08-02,56273.921875,57223.609375,55893.37109375,57223.609375,0
2019-08-05,54975.37890625,56273.921875,54855.4609375,56273.921875,0
2019-08-06,55062.01171875,55516.46875,54954.9296875,54975.37890625,0
2019-08-07,55225.3203125,55451.6484375,55002.94921875,55062.01171875,0
2019-08-08,55535.23828125,55870.62109375,55225.3203125,55225.3203125,0
2019-08-12,55371.53125,56091.76171875,55273.76171875,55535.23828125,0
2019-08-13,55191.96875,55371.53125,54840.94921875,55371.53125,0
2019-08-14,54029.4296875,55191.96875,53924.140625,55191.96875,0
2019-08-15,53840.9296875,54256.6015625,53260.46875,54029.4296875,0
2019-08-16,53874.51953125,53885.33984375,53477.30078125,53840.9296875,0
2019-08-19,54386.30859375,54628.6796875,53874.51953125,53874.51953125,0
2019-08-20,54280.80078125,54623.75,54114.609375,54386.30859375,0
2019-08-21,54638.03125,54674.6796875,54079.12109375,54280.80078125,0
2019-08-22,54187.9296875,54711.87109375,54049.25,54638.03125,0
2019-08-23,53995.8203125,54387.01171875,53756.3984375,54187.9296875,0
2019-08-26,53811.890625,54084.55078125,53448.3984375,53995.8203125,0
2019-08-27,53895.75,53947.921875,53529.16015625,53811.890625,0
2019-08-28,54255.62109375,54255.62109375,53566.33984375,53895.75,0
2019-08-29,54411.46875,54867.0703125,54212.87109375,54255.62109375,0
2019-08-30,55259.5703125,55305.44140625,54282.609375,54411.46875,0
2019-09-02,54785.1796875,55353.44140625,54785.1796875,55259.5703125,0
2019-09-03,54742.0703125,54804.73828125,54357.12890625,54785.1796875,0
2019-09-04,54907.171875,55102.8203125,54644.33984375,54742.0703125,0
2019-09-05,55476.359375,55738.48046875,54907.171875,54907.171875,0
2019-09-06,55591.08984375,55934.12890625,55335.73046875,55476.359375,0
2019-09-09,55523.0703125,55771.078125,55289.1015625,55591.08984375,0
2019-09-10,55335.80859375,55523.0703125,55003.80078125,55523.0703125,0
2019-09-11,56243.78125,56243.78125,54344.75,55335.80859375,0
2019-09-12,56781.94140625,57044.87890625,56243.78125,56243.78125,0
2019-09-13,57123.78125,57387.71875,56726.8515625,56781.94140625,0
2019-09-16,57853.8984375,57853.8984375,57123.78125,57123.78125,0
2019-09-17,56895.23046875,57853.8984375,56895.23046875,57853.8984375,0
2019-09-18,56220.41015625,56895.23046875,56029.80078125,56895.23046875,0
2019-09-19,56123.828125,56226.9609375,55731.62109375,56220.41015625,0
2019-09-20,56406.890625,56604.078125,56123.828125,56123.828125,0
2019-09-23,55622.80078125,56434.73828125,55357.87890625,56406.890625,0
2019-09-25,54876.828125,55622.80078125,54623.078125,55622.80078125,0
2019-09-26,55271.37890625,55628.69921875,54876.828125,54876.828125,0
2019-09-27,55209.03125,55470.62890625,55057.73828125,55271.37890625,0
2019-09-30,54824.96875,55270.1796875,54624.53125,55209.03125,0
2019-10-01,54945.890625,55106.578125,54691.5,54824.96875,0
2019-10-02,54003.8203125,54945.890625,53919.98046875,54945.890625,0
2019-10-03,53727.2890625,54024.21875,53537.69140625,54003.8203125,0
2019-10-04,53993.87109375,54121.8203125,53727.2890625,53727.2890625,0
2019-10-07,54714.75,54770.33984375,53960.03125,53993.87109375,0
2019-10-08,54532.6796875,54797.37890625,54450.328125,54714.75,0
2019-10-09,54339.46875,54535.44921875,54205.1796875,54532.6796875,0
2019-10-10,55071.76953125,55122.55859375,54339.46875,54339.46875,0
2019-10-11,55537.01953125,55753.98046875,55071.76953125,55071.76953125,0
2019-10-14,55219.2109375,55672.7109375,54947.9609375,55537.01953125,0
2019-10-15,55573.7890625,55624.5390625,55219.2109375,55219.2109375,0
2019-10-16,56090.51171875,56125.37109375,55350.8515625,55573.7890625,0
2019-10-17,55993.421875,56576.80078125,55933.75,56090.51171875,0
2019-10-18,55722.7890625,56076.71875,55722.7890625,55993.421875,0
2019-10-21,56110.78125,56261.9609375,55630.26171875,55722.7890625,0
2019-10-22,55936.828125,56254.390625,55860.53125,56110.78125,0
2019-10-23,55571.44921875,55936.828125,55361.7890625,55936.828125,0
2019-10-24,55478.44921875,56069.48828125,55426.87890625,55571.44921875,0
2019-10-25,55141.98046875,55680.23828125,54983.53125,55478.44921875,0
2019-10-28,55761.98046875,55933.03125,55141.98046875,55141.98046875,0
2019-10-29,55716.69140625,55944.4609375,55399.3515625,55761.98046875,0
2019-10-30,55872.6015625,55925.48828125,54770.1015625,55716.69140625,0
2019-10-31,56425.109375,56775.23828125,55872.6015625,55872.6015625,0
2019-11-01,56650.01171875,56744.1484375,56353.23046875,56425.109375,0
2019-11-04,56928.87109375,56984.37109375,56650.01171875,56650.01171875,0
2019-11-05,57246.91015625,57420.33984375,56928.87109375,56928.87109375,0
2019-11-06,57652.578125,57869.44921875,57126.078125,57246.91015625,0
2019-11-07,57483.0,58018.12109375,57414.44921875,57652.578125,0
2019-11-08,56617.01953125,57483.0,56498.9609375,57483.0,0
2019-11-11,56174.9296875,56617.01953125,55930.5,56617.01953125,0
2019-11-12,56399.1015625,56624.26953125,56174.9296875,56174.9296875,0
2019-11-13,56338.328125,56417.9609375,55924.19921875,56399.1015625,0
2019-11-14,56235.94140625,56511.41015625,56161.5390625,56338.328125,0
2019-11-15,56054.76953125,56466.05078125,56034.94140625,56235.94140625,0
2019-11-18,56467.03125,56798.91015625,56054.76953125,56054.76953125,0
2019-11-19,57372.55078125,57382.7890625,56467.03125,56467.03125,0
2019-11-20,57313.44140625,57372.55078125,56904.1796875,57372.55078125,0
2019-11-21,56540.25,57313.44140625,56449.91015625,57313.44140625,0
2019-11-22,56759.62109375,56887.71875,56311.71875,56540.25,0
2019-11-25,56747.87890625,57068.01953125,56603.9296875,56759.62109375,0
2019-11-26,56053.37890625,56904.859375,56053.37890625,56747.87890625,0
2019-11-27,56173.859375,56606.55859375,56053.37890625,56053.37890625,0
2019-11-28,55702.44921875,56173.859375,55702.44921875,56173.859375,0
2019-11-29,55349.01171875,55702.44921875,55057.26953125,55702.44921875,0
2019-12-02,54814.0703125,55504.921875,54740.609375,55349.01171875,0
2019-12-03,54485.41015625,54814.0703125,54413.83984375,54814.0703125,0
2019-12-04,55022.87109375,55155.58984375,54429.96875,54485.41015625,0
2019-12-05,54779.76171875,55180.87109375,54695.5703125,55022.87109375,0
2019-12-06,55307.30859375,55416.21875,54779.76171875,54779.76171875,0
2019-12-09,55269.19921875,55515.19140625,55052.98828125,55307.30859375,0
2019-12-10,55417.9296875,55430.23828125,54632.05078125,55269.19921875,0
2019-12-11,55766.44921875,55766.44921875,55413.01171875,55417.9296875,0
2019-12-12,55824.078125,56200.96875,55730.3984375,55766.44921875,0
2019-12-13,56749.12109375,57128.30859375,55824.078125,55824.078125,0
2019-12-17,57326.1796875,57808.46875,56749.12109375,56749.12109375,0
2019-12-18,57767.80859375,58022.3515625,57326.1796875,57326.1796875,0
2019-12-19,57558.921875,58046.46875,57439.359375,57767.80859375,0
2019-12-20,57411.2109375,57756.75,57259.4609375,57558.921875,0
2019-12-23,57092.8515625,57411.2109375,56802.91015625,57411.2109375,0
2019-12-24,57244.87109375,57250.46875,56964.33984375,57092.8515625,0
2019-12-27,57430.69921875,57923.1484375,57244.87109375,57244.87109375,0
2019-12-30,57703.55859375,57717.8515625,57281.421875,57430.69921875,0
2019-12-31,57084.1015625,57703.55859375,57084.1015625,57703.55859375,0
2020-01-02,57718.0,57932.1796875,57084.1015625,57084.1015625,0
2020-01-03,57810.0,57924.19921875,57419.75,57718.0,0
2020-01-06,57195.3515625,57810.0,57001.91015625,57810.0,0
2020-01-07,57384.41015625,57514.578125,56939.80859375,57195.3515625,0
2020-01-08,57322.328125,57411.76953125,57083.30078125,57384.41015625,0
2020-01-09,57128.6796875,57737.9296875,57026.2109375,57322.328125,0
2020-01-10,57484.83984375,57514.578125,57128.6796875,57128.6796875,0
2020-01-13,57572.71875,57808.69921875,57367.05859375,57484.83984375,0
2020-01-14,57967.12890625,57967.12890625,57572.71875,57572.71875,0
2020-01-15,58063.58984375,58243.2890625,57724.328125,57967.12890625,0
2020-01-16,58217.4296875,58328.8984375,57897.94140625,58063.58984375,0
2020-01-17,59001.87109375,59098.55859375,58217.4296875,58217.4296875,0
2020-01-20,58850.41015625,59104.609375,58809.05859375,59001.87109375,0
2020-01-21,57976.390625,58850.41015625,57633.44140625,58850.41015625,0
2020-01-22,57918.890625,58399.671875,57897.75,57976.390625,0
2020-01-23,56894.671875,57918.890625,56867.91015625,57918.890625,0
2020-01-24,57261.0390625,57350.51171875,56894.671875,56894.671875,0
2020-01-27,55902.94140625,57261.0390625,55772.87109375,57261.0390625,0
2020-01-28,55748.23828125,56076.078125,55529.328125,55902.94140625,0
2020-01-29,56370.71875,56637.55078125,55748.23828125,55748.23828125,0
2020-01-30,56590.9296875,56618.28125,55656.5703125,56370.71875,0
2020-01-31,56079.5390625,56590.9296875,55932.890625,56590.9296875,0
2020-02-03,55828.48828125,56195.6484375,55772.41015625,56079.5390625,0
2020-02-04,56817.03125,56893.23046875,55828.48828125,55828.48828125,0
2020-02-05,57426.19921875,57532.53125,56799.08984375,56817.03125,0
2020-02-06,57531.48828125,57848.73828125,57426.19921875,57426.19921875,0
2020-02-07,57276.48828125,57661.9609375,57065.26171875,57531.48828125,0
2020-02-10,56847.73828125,57276.48828125,56793.69140625,57276.48828125,0
2020-02-11,56981.19921875,57323.73046875,56753.76953125,56847.73828125,0
2020-02-12,57744.12890625,57964.55859375,56885.578125,56981.19921875,0
2020-02-13,57835.69140625,58195.12109375,57583.80859375,57744.12890625,0
2020-02-14,57861.76171875,57992.30078125,57590.01171875,57835.69140625,0
2020-02-17,58187.9609375,58270.71875,57861.76171875,57861.76171875,0
2020-02-18,57714.66015625,58187.9609375,57483.609375,58187.9609375,0
2020-02-19,57940.96875,58017.5,57714.66015625,57714.66015625,0
2020-02-20,57793.03125,58270.48828125,57739.19921875,57940.96875,0
2020-02-21,57336.2109375,57793.03125,56878.16015625,57793.03125,0
2020-02-24,54881.55859375,57336.2109375,54725.19140625,57336.2109375,0
2020-02-25,54809.51171875,55496.51171875,54697.9609375,54881.55859375,0
2020-02-26,55047.19921875,55254.921875,53643.2109375,54809.51171875,0
2020-02-27,53444.828125,55047.19921875,53420.578125,55047.19921875,0
2020-02-28,51038.1796875,53444.828125,50875.078125,53444.828125,0
2020-03-02,51840.08984375,52989.69140625,51038.1796875,51038.1796875,0
2020-03-03,52957.8515625,53379.421875,51840.08984375,51840.08984375,0
2020-03-04,52926.75,53380.80859375,52726.05078125,52957.8515625,0
2020-03-05,52936.26953125,53733.7890625,52677.140625,52926.75,0
2020-03-06,52064.71875,52936.26953125,51506.05078125,52936.26953125,0
2020-03-09,48819.55078125,52064.71875,48588.671875,52064.71875,0
2020-03-10,49466.01171875,50533.828125,48819.55078125,48819.55078125,0
2020-03-11,49074.08984375,50079.01171875,48936.28125,49466.01171875,0
2020-03-12,44303.46875,49074.08984375,44078.6015625,49074.08984375,0
2020-03-13,44177.62890625,45864.16015625,44069.1015625,44303.46875,0
2020-03-16,40500.23046875,44177.62890625,38784.33984375,44177.62890625,0
2020-03-17,41579.578125,41932.23828125,40390.37890625,40500.23046875,0
2020-03-18,38604.87890625,41579.578125,38145.51171875,41579.578125,0
2020-03-19,37963.01171875,39145.1796875,37177.921875,38604.87890625,0
2020-03-20,40272.0,41195.51953125,37963.01171875,37963.01171875,0
2020-03-23,38267.2109375,40272.0,37461.6796875,40272.0,0
2020-03-24,41149.3515625,41168.390625,38267.2109375,38267.2109375,0
2020-03-25,43278.25,44206.328125,41149.3515625,41149.3515625,0
2020-03-26,45046.3515625,45391.37890625,43044.94921875,43278.25,0
2020-03-27,42946.828125,45046.3515625,42644.66015625,45046.3515625,0
2020-03-30,43413.62890625,43989.921875,42714.19921875,42946.828125,0
2020-03-31,44490.30859375,44572.2890625,43413.62890625,43413.62890625,0
2020-04-01,43732.44140625,44490.30859375,42947.12109375,44490.30859375,0
2020-04-02,45060.69140625,45370.921875,43732.44140625,43732.44140625,0
2020-04-03,44598.69921875,45060.69140625,44142.390625,45060.69140625,0
2020-04-06,46240.3515625,46562.33984375,44598.69921875,44598.69921875,0
2020-04-07,47496.71875,48318.9609375,46240.3515625,46240.3515625,0
2020-04-08,46689.8984375,47496.71875,46376.328125,47496.71875,0
2020-04-09,48011.55859375,48016.30078125,46583.140625,46689.8984375,0
2020-04-14,49874.51171875,49941.19140625,48011.55859375,48011.55859375,0
2020-04-15,48301.28125,49874.51171875,47977.9609375,49874.51171875,0
2020-04-16,48245.109375,48991.078125,48215.078125,48301.28125,0
2020-04-17,49134.6484375,49804.66015625,48245.109375,48245.109375,0
2020-04-20,48849.51953125,49343.421875,48255.05078125,49134.6484375,0
2020-04-21,47628.87109375,48849.51953125,47264.12109375,48849.51953125,0
2020-04-22,48108.48828125,48216.671875,47596.33984375,47628.87109375,0
2020-04-23,49601.8203125,49682.5703125,48108.48828125,48108.48828125,0
2020-04-24,49527.23046875,49653.05078125,48900.0,49601.8203125,0
2020-04-28,50029.21875,50349.109375,49494.30078125,49527.23046875,0
2020-04-29,50857.25,50857.25,49976.51953125,50029.21875,0
2020-04-30,50336.71875,51227.87890625,50068.16015625,50857.25,0
2020-05-04,49186.58984375,50336.71875,48366.48828125,50336.71875,0
2020-05-05,49184.16015625,49775.41015625,48969.73046875,49186.58984375,0
2020-05-06,49831.98828125,49892.30078125,48914.44921875,49184.16015625,0
2020-05-07,50019.69921875,50261.0703125,49596.41015625,49831.98828125,0
2020-05-08,51003.578125,51126.48828125,50019.69921875,50019.69921875,0
2020-05-11,50202.8515625,51292.51953125,50142.2109375,51003.578125,0
2020-05-12,50319.41015625,50795.4609375,50202.8515625,50202.8515625,0
2020-05-13,50152.05078125,50690.0,49326.66015625,50319.41015625,0
2020-05-14,49113.05859375,50152.05078125,48804.94921875,50152.05078125,0
2020-05-15,49628.71875,50050.62890625,49113.05859375,49113.05859375,0
2020-05-18,51382.05859375,51382.05859375,49628.71875,49628.71875,0
2020-05-19,51950.140625,52056.30859375,51382.05859375,51382.05859375,0
2020-05-20,52142.75,52231.5703125,51770.19921875,51950.140625,0
2020-05-21,51022.76171875,52142.75,51022.76171875,52142.75,0
2020-05-22,50147.2109375,51022.76171875,49530.828125,51022.76171875,0
2020-05-25,50074.2109375,50356.6015625,49814.1015625,50147.2109375,0
2020-05-26,50602.5,50819.37890625,50074.2109375,50074.2109375,0
2020-05-27,50495.94921875,50935.828125,50307.171875,50602.5,0
2020-05-28,51389.12109375,51389.12109375,50447.41015625,50495.94921875,0
2020-05-29,50483.0,51389.12109375,50399.23046875,51389.12109375,0
2020-06-01,50929.58984375,51766.80859375,50483.0,50483.0,0
2020-06-02,52496.859375,52715.78125,50929.58984375,50929.58984375,0
2020-06-03,53645.28125,53645.28125,52496.859375,52496.859375,0
2020-06-04,53204.7890625,53673.140625,53040.96875,53645.28125,0
2020-06-05,54722.37890625,54909.73046875,53204.7890625,53204.7890625,0
2020-06-08,54684.3203125,54912.51953125,54293.62109375,54722.37890625,0
2020-06-09,54483.48046875,54898.19921875,54078.01171875,54684.3203125,0
2020-06-10,53672.62890625,54823.37890625,53508.94921875,54483.48046875,0
2020-06-11,53295.30078125,53672.62890625,52398.37109375,53672.62890625,0
2020-06-12,53639.640625,53734.0,52190.3515625,53295.30078125,0
2020-06-15,52270.19921875,53639.640625,51965.94921875,53639.640625,0
2020-06-17,54027.421875,54040.12109375,52270.19921875,52270.19921875,0
2020-06-18,53941.21875,54315.7109375,53495.12109375,54027.421875,0
2020-06-19,54224.3984375,54651.87109375,53941.21875,53941.21875,0
2020-06-22,54230.171875,54678.69921875,54063.30078125,54224.3984375,0
2020-06-23,55474.9296875,55627.05859375,54230.171875,54230.171875,0
2020-06-24,54447.73046875,55635.94921875,54275.33984375,55474.9296875,0
2020-06-25,53914.05078125,54447.73046875,53650.30859375,54447.73046875,0
2020-06-26,53648.05078125,54375.140625,53632.33984375,53914.05078125,0
2020-06-29,54141.5,54240.75,53335.3515625,53648.05078125,0
2020-06-30,54362.359375,54561.41015625,54048.109375,54141.5,0
2020-07-01,53787.71875,54568.05859375,53572.96875,54362.359375,0
2020-07-02,54617.19140625,54963.53125,53787.71875,53787.71875,0
2020-07-03,54521.8984375,54925.3515625,54403.66015625,54617.19140625,0
2020-07-06,54846.28125,55291.1796875,54521.8984375,54521.8984375,0
2020-07-07,55243.80078125,55292.33984375,54606.83984375,54846.28125,0
2020-07-08,55870.69140625,55920.5390625,55243.80078125,55243.80078125,0
2020-07-09,55787.8984375,56515.8203125,55787.8984375,55870.69140625,0
2020-07-10,55417.890625,55925.94921875,54999.48046875,55787.8984375,0
2020-07-13,56199.4609375,56283.921875,55417.890625,55417.890625,0
2020-07-14,55531.05078125,56199.4609375,55053.578125,56199.4609375,0
2020-07-15,55947.05078125,56421.6796875,55531.05078125,55531.05078125,0
2020-07-16,55729.44921875,55947.05078125,54962.76953125,55947.05078125,0
2020-07-17,55911.80078125,55951.12890625,55637.859375,55729.44921875,0
2020-07-20,56265.359375,56455.44140625,55731.921875,55911.80078125,0
2020-07-21,56422.140625,57415.26171875,56265.359375,56265.359375,0
2020-07-22,55834.23828125,56488.5,55547.7890625,56422.140625,0
2020-07-23,56070.69921875,56446.87109375,55834.23828125,55834.23828125,0
2020-07-24,55645.6484375,56070.69921875,55300.109375,56070.69921875,0
2020-07-27,56326.19921875,56425.87890625,55645.6484375,55645.6484375,0
2020-07-28,56488.109375,56495.33984375,55973.390625,56326.19921875,0
2020-07-29,56707.73828125,56829.51171875,56312.66015625,56488.109375,0
2020-07-30,55844.8984375,57068.4296875,55720.78125,56707.73828125,0
2020-07-31,55721.80078125,56655.8984375,55662.96875,55844.8984375,0
2020-08-03,55829.3984375,56314.23828125,55420.12109375,55721.80078125,0
2020-08-04,56248.9296875,56368.28125,55829.3984375,55829.3984375,0
2020-08-05,57629.359375,57797.7890625,56248.9296875,56248.9296875,0
2020-08-06,57656.69140625,58092.12109375,57586.0,57629.359375,0
2020-08-07,56757.73046875,57654.37890625,56539.46875,57654.37890625,0
2020-08-11,57168.23828125,57676.48828125,56757.73046875,56757.73046875,0
2020-08-12,57417.28125,57610.2109375,56862.28125,57168.23828125,0
2020-08-13,57419.4609375,57459.5,56814.96875,57417.28125,0
2020-08-14,57077.48046875,57419.4609375,56923.80078125,57419.4609375,0
2020-08-17,57435.078125,57674.140625,57008.5390625,57077.48046875,0
2020-08-18,57025.16015625,57664.23828125,56891.71875,57435.078125,0
2020-08-19,56433.28125,57025.16015625,56387.23046875,57025.16015625,0
2020-08-20,55629.98046875,56433.28125,55267.3984375,56433.28125,0
2020-08-21,55949.921875,56416.51953125,55432.078125,55629.98046875,0
2020-08-24,56625.421875,57046.19921875,55949.921875,55949.921875,0
2020-08-25,56114.23046875,56853.19921875,56052.671875,56625.421875,0
2020-08-26,56572.23828125,56628.1796875,55853.359375,56114.23046875,0
2020-08-27,56869.671875,57368.37890625,56572.23828125,56572.23828125,0
2020-08-28,56057.1015625,56926.12890625,55820.9609375,56869.671875,0
2020-08-31,55476.109375,56515.390625,55308.8515625,56057.1015625,0
2020-09-01,55927.69140625,56478.48828125,55476.109375,55476.109375,0
2020-09-02,55861.87890625,56441.671875,55712.2890625,55927.69140625,0
2020-09-03,54522.3515625,55861.87890625,54491.44140625,55861.87890625,0
2020-09-04,53878.94921875,54596.109375,53684.890625,54522.3515625,0
2020-09-07,54400.28125,54512.62109375,53878.94921875,53878.94921875,0
2020-09-08,54438.8203125,54692.19921875,54111.55859375,54400.28125,0
2020-09-09,55211.33984375,55211.33984375,54438.8203125,54438.8203125,0
2020-09-10,55953.9609375,56327.3984375,55051.16015625,55211.33984375,0
2020-09-11,56087.83984375,56276.94921875,55780.4609375,55953.9609375,0
2020-09-14,56327.05078125,56658.9609375,56034.46875,56087.83984375,0
2020-09-15,56130.78125,56722.80078125,56014.0703125,56327.05078125,0
2020-09-16,55960.73828125,56245.4296875,55833.03125,56130.78125,0
2020-09-17,55035.6015625,55960.73828125,54785.08984375,55960.73828125,0
2020-09-18,54673.6484375,55266.62890625,54598.80078125,55035.6015625,0
2020-09-21,53319.078125,54673.6484375,53053.609375,54673.6484375,0
2020-09-22,53265.328125,53578.83984375,53059.140625,53319.078125,0
2020-09-23,54247.80859375,54641.5390625,53213.12109375,53265.328125,0
2020-09-25,53587.109375,54247.80859375,52963.6015625,54247.80859375,0
2020-09-28,54718.80078125,54916.3515625,53587.109375,53587.109375,0
2020-09-29,54506.87890625,54734.9296875,54352.328125,54718.80078125,0
2020-09-30,54264.9609375,54683.03125,54140.33984375,54506.87890625,0
2020-10-01,54446.78125,54815.94921875,54171.94921875,54264.9609375,0
2020-10-02,54219.23828125,54446.78125,53782.1796875,54446.78125,0
2020-10-05,54524.05078125,54698.859375,54219.23828125,54219.23828125,0
2020-10-06,54203.828125,54882.421875,54183.921875,54524.05078125,0
2020-10-07,54749.76953125,54749.76953125,54032.1015625,54203.828125,0
2020-10-08,54554.8515625,54870.69140625,54447.23828125,54749.76953125,0
2020-10-09,55182.98828125,55182.98828125,54554.8515625,54554.8515625,0
2020-10-12,55552.3515625,55767.1796875,55182.98828125,55182.98828125,0
2020-10-13,55054.53125,55599.3203125,54992.078125,55552.3515625,0
2020-10-14,55394.23046875,55470.73046875,55054.53125,55054.53125,0
2020-10-15,54843.9609375,55394.23046875,54359.640625,55394.23046875,0
2020-10-16,55047.26171875,55206.71875,54843.9609375,54843.9609375,0
2020-10-19,55161.03125,55404.80078125,55013.01953125,55047.26171875,0
2020-10-20,55271.75,55328.03125,54838.828125,55161.03125,0
2020-10-21,55345.48828125,55481.9609375,54936.328125,55271.75,0
2020-10-22,54796.421875,55345.48828125,54731.140625,55345.48828125,0
2020-10-23,55339.578125,55523.73046875,54796.421875,54796.421875,0
2020-10-26,54890.87890625,55339.578125,54819.7109375,55339.578125,0
2020-10-27,54079.4296875,55059.94921875,53986.37109375,54890.87890625,0
2020-10-28,52308.140625,54333.3984375,52273.2109375,54079.4296875,0
2020-10-29,51896.96875,52853.71875,51420.94921875,52308.140625,0
2020-10-30,51684.69921875,52028.7890625,51225.53125,51896.96875,0
2020-11-02,52618.0390625,52695.05859375,51684.69921875,51684.69921875,0
2020-11-03,53187.80859375,53597.19921875,52618.0390625,52618.0390625,0
2020-11-04,53656.2109375,53975.53125,52811.671875,53187.80859375,0
2020-11-05,55225.23828125,55239.01171875,53656.2109375,53656.2109375,0
2020-11-06,56387.0390625,56564.21875,54933.359375,55225.23828125,0
2020-11-09,57307.48828125,57952.01171875,56387.0390625,56387.0390625,0
2020-11-10,57672.12109375,57741.73046875,56671.01953125,57307.48828125,0
2020-11-11,57607.30078125,57843.76171875,57374.69140625,57672.12109375,0
2020-11-12,57031.19140625,57956.0390625,56934.8984375,57607.30078125,0
2020-11-13,57182.6015625,57209.6484375,56745.578125,57031.19140625,0
2020-11-16,57267.0,57585.76953125,57159.578125,57182.6015625,0
2020-11-17,57053.01171875,57505.44921875,56994.48046875,57267.0,0
2020-11-18,57323.671875,57522.37890625,56686.69921875,57053.01171875,0
2020-11-19,56753.48828125,57323.671875,56591.19921875,57323.671875,0
2020-11-20,56615.28125,56949.73046875,56459.1015625,56753.48828125,0
2020-11-23,57147.30859375,57435.8515625,56615.28125,56615.28125,0
2020-11-24,57761.921875,57885.4609375,57147.30859375,57147.30859375,0
2020-11-25,57742.19140625,57862.69921875,57522.83984375,57761.921875,0
2020-11-26,57923.69140625,58097.44140625,57741.41015625,57742.19140625,0
2020-11-27,57822.5,58128.80859375,57662.30859375,57923.69140625,0
2020-11-30,57091.890625,57822.5,56809.3515625,57822.5,0
2020-12-01,57509.71875,57712.359375,57091.890625,57091.890625,0
2020-12-02,58281.98046875,58281.98046875,57509.71875,57509.71875,0
2020-12-03,58947.48046875,59147.23046875,58281.98046875,58281.98046875,0
2020-12-04,59419.37109375,59468.12109375,58947.48046875,58947.48046875,0
2020-12-07,59527.69921875,59527.69921875,58999.0,59419.37109375,0
2020-12-08,59159.359375,59607.8515625,58976.12109375,59527.69921875,0
2020-12-09,59291.75,59669.66015625,59045.578125,59159.359375,0
2020-12-10,59282.76953125,59303.94140625,58875.48828125,59291.75,0
2020-12-11,59412.609375,59424.0703125,58908.640625,59282.76953125,0
2020-12-14,59508.80078125,59648.890625,59191.109375,59412.609375,0
2020-12-15,59478.26171875,59577.78125,59059.25,59508.80078125,0
2020-12-17,60544.30078125,60591.921875,59478.26171875,59478.26171875,0
2020-12-18,59788.12109375,60544.30078125,59788.12109375,60544.30078125,0
2020-12-21,58714.87109375,59788.12109375,58142.4296875,59788.12109375,0
2020-12-22,58619.75,58763.3984375,58349.71875,58714.87109375,0
2020-12-23,58986.71875,59047.41015625,58466.80078125,58619.75,0
2020-12-24,59175.80078125,59175.80078125,58764.16015625,58986.71875,0
2020-12-28,59006.0703125,59243.609375,58535.2109375,59175.80078125,0
2020-12-29,59246.3984375,59681.53125,58745.51171875,59006.0703125,0
2020-12-30,59634.9296875,60055.12890625,59246.3984375,59246.3984375,0
2020-12-31,59408.6796875,59634.9296875,58994.51171875,59634.9296875,0
2021-01-04,60479.421875,60479.421875,59408.6796875,59408.6796875,0
2021-01-05,60921.37109375,61169.5,60436.9296875,60479.421875,0
2021-01-06,61857.421875,61977.96875,60921.37109375,60921.37109375,0
2021-01-07,63042.87890625,63042.87890625,61857.421875,61857.421875,0
2021-01-08,63519.1796875,63829.19140625,63042.87890625,63042.87890625,0
2021-01-11,63759.9296875,64021.921875,63382.12109375,63519.1796875,0
2021-01-12,63535.1015625,63978.71875,63384.4609375,63759.9296875,0
2021-01-13,63474.53125,63874.75,63474.53125,63535.1015625,0
2021-01-14,63884.76953125,64056.328125,63474.53125,63474.53125,0
2021-01-15,63549.75,64079.16015625,63549.75,63884.76953125,0
2021-01-18,63713.87109375,63819.62890625,63469.19140625,63549.75,0
2021-01-19,63603.26171875,64007.05078125,63603.26171875,63713.87109375,0
2021-01-20,64108.51171875,64388.3515625,63603.26171875,63603.26171875,0
2021-01-21,64174.87890625,64511.62890625,64100.03125,64108.51171875,0
2021-01-22,63987.921875,64384.1484375,63779.1015625,64174.87890625,0
2021-01-25,64559.8515625,65346.859375,63987.921875,63987.921875,0
2021-01-26,63923.62890625,64559.8515625,63828.390625,64559.8515625,0
2021-01-27,62784.51953125,63923.62890625,62677.80859375,63923.62890625,0
2021-01-28,63206.71875,63311.7109375,62345.25,62784.51953125,0
2021-01-29,62472.1015625,63302.28125,62258.76953125,63206.71875,0
2021-02-01,62796.6484375,63357.01953125,62472.1015625,62472.1015625,0
2021-02-02,62733.6484375,63384.5,62611.30859375,62796.6484375,0
2021-02-03,63010.609375,63266.48828125,62733.6484375,62733.6484375,0
2021-02-04,63786.2109375,63887.48828125,63010.609375,63010.609375,0
2021-02-05,64289.48046875,64574.55078125,63786.2109375,63786.2109375,0
2021-02-08,65059.16015625,65275.171875,64289.48046875,64289.48046875,0
2021-02-09,65162.69140625,65342.53125,64897.05078125,65059.16015625,0
2021-02-10,66150.8203125,66150.8203125,65162.69140625,65162.69140625,0
2021-02-11,65882.71875,66222.203125,65635.5,66150.8203125,0
2021-02-12,66132.2421875,66197.59375,65437.83984375,65882.71875,0
2021-02-15,67124.828125,67124.828125,66132.2421875,66132.2421875,0
2021-02-16,67227.0625,67736.9609375,66989.3203125,67124.828125,0
2021-02-17,67110.0703125,67599.2734375,67018.40625,67227.0625,0
2021-02-18,66575.453125,67110.0703125,66524.078125,67110.0703125,0
2021-02-19,67464.859375,67471.953125,66232.203125,66575.453125,0
2021-02-22,67362.8203125,67624.140625,67127.2890625,67464.859375,0
2021-02-23,65921.6015625,67696.8984375,65775.59375,67362.8203125,0
2021-02-24,66200.7578125,66955.1875,65720.71875,65921.6015625,0
2021-02-25,67483.7578125,67570.9765625,66200.7578125,66200.7578125,0
2021-02-26,66138.046875,67483.7578125,65808.8671875,67483.7578125,0
2021-03-01,67536.9609375,67859.90625,66138.046875,66138.046875,0
2021-03-02,68510.75,68543.8984375,67277.7421875,67536.9609375,0
2021-03-03,68326.7890625,69403.75,68226.703125,68510.75,0
2021-03-04,67743.5390625,68358.390625,67588.2109375,68326.7890625,0
2021-03-05,68271.1875,68462.3828125,67501.453125,67743.5390625,0
2021-03-08,68426.171875,68493.7265625,67922.859375,68271.1875,0
2021-03-09,68655.9609375,69021.59375,68051.921875,68426.171875,0
2021-03-10,68516.9921875,68655.9609375,67941.453125,68655.9609375,0
2021-03-11,68775.0625,68924.9921875,68516.9921875,68516.9921875,0
2021-03-12,68209.859375,68775.0625,67675.59375,68775.0625,0
2021-03-15,67566.421875,68209.859375,67566.421875,68209.859375,0
2021-03-16,67289.3671875,67842.296875,67044.5234375,67566.421875,0
2021-03-17,66494.4921875,67445.4296875,66246.6015625,67289.3671875,0
2021-03-18,66739.7421875,67516.34375,66494.4921875,66494.4921875,0
2021-03-19,65911.2734375,66739.7421875,65609.578125,66739.7421875,0
2021-03-23,65318.51953125,65911.2734375,65171.3515625,65911.2734375,0
2021-03-24,65257.08984375,65460.16015625,64248.359375,65318.51953125,0
2021-03-25,64783.62109375,65400.328125,64503.03125,65257.08984375,0
2021-03-26,66833.9921875,66861.6875,64783.62109375,64783.62109375,0
2021-03-29,67089.3671875,67430.1171875,66576.328125,66833.9921875,0
2021-03-30,67291.65625,67340.0625,66773.328125,67089.3671875,0
2021-03-31,66485.2890625,67323.921875,66384.1875,67291.65625,0
2021-04-01,67236.3125,67523.3203125,66485.2890625,66485.2890625,0
2021-04-06,68063.890625,68092.8671875,67236.3125,67236.3125,0
2021-04-07,67160.421875,68132.1796875,67050.7265625,68063.890625,0
2021-04-08,67053.96875,67976.7734375,66953.078125,67160.421875,0
2021-04-09,67191.2734375,67241.7109375,66886.890625,67053.96875,0
2021-04-12,66390.0234375,67191.2734375,66257.2421875,67191.2734375,0
2021-04-13,67072.4921875,67150.3515625,66291.78125,66390.0234375,0
2021-04-14,67812.1484375,67839.5625,67072.4921875,67072.4921875,0
2021-04-15,67823.09375,68104.7421875,67682.7265625,67812.1484375,0
2021-04-16,68698.78125,68741.828125,67823.09375,67823.09375,0
2021-04-19,68094.28125,68802.6875,68094.28125,68698.78125,0
2021-04-20,66835.5234375,68106.71875,66786.4765625,68094.28125,0
2021-04-21,67145.75,67227.171875,66427.453125,66835.5234375,0
2021-04-22,66971.59375,67395.21875,66803.6875,67145.75,0
2021-04-23,67295.7421875,67295.7421875,66789.4609375,66971.59375,0
2021-04-26,67572.578125,67594.421875,67266.609375,67295.7421875,0
2021-04-28,67740.109375,67983.7265625,67444.40625,67572.578125,0
2021-04-29,67392.7265625,68188.1875,67361.078125,67740.109375,0
2021-04-30,66937.0,67420.1875,66667.03125,67392.7265625,0
2021-05-03,66586.2421875,67101.640625,66320.9609375,66937.0,0
2021-05-04,66173.96875,67183.5234375,65969.09375,66586.2421875,0
2021-05-05,67346.1875,67400.46875,66173.96875,66173.96875,0
2021-05-06,67608.890625,67687.9609375,67050.703125,67346.1875,0
2021-05-07,68519.53125,68664.359375,67608.890625,67608.890625,0
2021-05-10,68377.2265625,69043.1015625,68373.640625,68519.53125,0
2021-05-11,67241.203125,68377.2265625,66993.578125,68377.2265625,0
2021-05-12,67424.2734375,68402.9765625,67241.203125,67241.203125,0
2021-05-13,66168.6484375,67424.2734375,65362.26171875,67424.2734375,0
2021-05-14,66598.1328125,66635.7109375,66090.9375,66168.6484375,0
2021-05-17,67217.109375,67373.6171875,66590.34375,66598.1328125,0
2021-05-18,67254.921875,67989.7734375,67057.8828125,67217.109375,0
2021-05-19,65855.8125,67254.921875,65722.6875,67254.921875,0
2021-05-20,66124.4375,66423.203125,65757.171875,65855.8125,0
2021-05-21,66238.9296875,66771.34375,66124.4375,66124.4375,0
2021-05-24,66054.921875,66493.1328125,65940.2578125,66238.9296875,0
2021-05-25,66076.6796875,66812.453125,66022.9765625,66054.921875,0
2021-05-26,66108.2265625,66446.3671875,66030.3515625,66076.6796875,0
2021-05-27,66940.25,66940.25,66102.546875,66108.2265625,0
2021-05-28,67554.859375,67726.5625,66794.609375,66940.25,0
2021-05-31,67964.0390625,68140.8515625,67554.859375,67554.859375,0
2021-06-01,68922.859375,69141.109375,67964.0390625,67964.0390625,0
2021-06-02,69049.0390625,69278.046875,68905.53125,68922.859375,0
2021-06-03,67791.3828125,69049.0390625,67614.1015625,69049.0390625,0
2021-06-04,67825.0234375,68247.34375,67636.2265625,67791.3828125,0
2021-06-07,67575.421875,67825.0234375,67179.0703125,67825.0234375,0
2021-06-08,67644.84375,67927.1171875,67435.90625,67575.421875,0
2021-06-09,67681.46875,67726.3984375,67356.2265625,67644.84375,0
2021-06-10,67542.84375,68062.28125,67460.671875,67681.46875,0
2021-06-11,67723.90625,67861.8203125,67438.609375,67542.84375,0
2021-06-14,67941.4765625,68228.53125,67644.75,67723.90625,0
2021-06-15,67310.5703125,68010.6171875,67110.390625,67941.4765625,0
2021-06-17,66585.4765625,67310.5703125,66504.2265625,67310.5703125,0
2021-06-18,65635.2265625,66593.9296875,65635.2265625,66585.4765625,0
2021-06-21,65563.4765625,65725.578125,65078.44140625,65635.2265625,0
2021-06-22,65551.7265625,65873.3984375,65362.48828125,65563.4765625,0
2021-06-23,65819.6328125,66124.8125,65546.6875,65551.7265625,0
2021-06-24,66263.4921875,66358.46875,65574.8203125,65819.6328125,0
2021-06-25,66215.46875,66595.40625,66088.1328125,66263.4921875,0
2021-06-28,65809.3515625,66240.0390625,65737.7265625,66215.46875,0
2021-06-29,66548.7109375,66829.9375,65763.8828125,65809.3515625,0
2021-06-30,66248.7421875,66660.453125,66108.8984375,66548.7109375,0
2021-07-01,66555.78125,66807.359375,66069.3671875,66248.7421875,0
2021-07-02,66323.7578125,66945.9765625,66259.46875,66555.78125,0
2021-07-05,66166.859375,66323.7578125,65638.953125,66323.7578125,0
2021-07-06,65849.75,66471.328125,65831.2734375,66166.859375,0
2021-07-07,66806.359375,66967.1171875,65849.75,65849.75,0
2021-07-08,65243.5,66806.359375,65136.1796875,66806.359375,0
2021-07-09,66385.5703125,66399.71875,65243.5,65243.5,0
2021-07-12,67293.328125,67293.328125,65881.6328125,66385.5703125,0
2021-07-13,67088.2734375,67605.796875,66828.5,67293.328125,0
2021-07-14,67897.6015625,68314.0703125,66984.03125,67088.2734375,0
2021-07-15,67538.609375,67991.703125,67313.671875,67897.6015625,0
2021-07-16,66529.53125,67702.6484375,66293.328125,67538.609375,0
2021-07-19,64804.73828125,66529.53125,64556.671875,66529.53125,0
2021-07-20,65724.6796875,65724.6796875,64804.73828125,64804.73828125,0
2021-07-21,66558.4609375,66694.2734375,65693.171875,65724.6796875,0
2021-07-22,67404.2734375,67479.7578125,66558.4609375,66558.4609375,0
2021-07-23,68063.703125,68266.1484375,67404.2734375,67404.2734375,0
2021-07-26,68051.046875,68312.9921875,67530.59375,68063.703125,0
2021-07-27,67340.71875,68051.046875,66902.8984375,68051.046875,0
2021-07-28,68525.5390625,68525.5390625,66946.6484375,67340.71875,0
2021-07-29,69565.2265625,69761.3828125,68525.5390625,68525.5390625,0
2021-07-30,68970.78125,69565.2265625,68534.109375,69565.2265625,0
2021-08-02,68822.75,69584.6015625,68822.75,68970.78125,0
2021-08-03,68705.7265625,68841.2734375,68337.703125,68822.75,0
2021-08-04,68898.0390625,69281.84375,68639.640625,68705.7265625,0
2021-08-05,68371.2265625,68898.0390625,68371.2265625,68898.0390625,0
2021-08-06,68673.953125,68819.953125,68371.2265625,68371.2265625,0
2021-08-10,69602.0390625,69724.3828125,68673.953125,68673.953125,0
2021-08-11,69617.15625,69813.78125,69361.078125,69602.0390625,0
2021-08-12,69401.953125,69617.15625,69025.796875,69617.15625,0
2021-08-13,69384.7578125,69557.3203125,69215.2890625,69401.953125,0
2021-08-16,68824.703125,69384.7578125,68634.609375,69384.7578125,0
2021-08-17,68939.84375,69490.390625,68673.6328125,68824.703125,0
2021-08-18,67905.6796875,69136.1484375,67720.859375,68939.84375,0
2021-08-19,66113.4765625,67905.6796875,65883.3515625,67905.6796875,0
2021-08-20,66011.0625,66660.359375,65677.5078125,66113.4765625,0
2021-08-23,66829.2109375,67002.2578125,66011.0625,66011.0625,0
2021-08-24,67451.5390625,67622.859375,66829.2109375,66829.2109375,0
2021-08-25,67452.859375,67496.4375,67169.3125,67451.5390625,0
2021-08-26,67068.7421875,67452.859375,66977.046875,67452.859375,0
2021-08-27,67646.078125,67659.390625,67065.9609375,67068.7421875,0
2021-08-30,67064.6875,67764.921875,67042.3671875,67646.078125,0
2021-08-31,67427.9296875,67645.3984375,67064.6875,67064.6875,0
2021-09-01,66976.046875,67893.7109375,66859.578125,67427.9296875,0
2021-09-02,66654.2421875,66976.046875,66357.1484375,66976.046875,0
2021-09-03,66371.8515625,66972.8125,66188.140625,66654.2421875,0
2021-09-06,66253.796875,66752.7578125,66020.2109375,66371.8515625,0
2021-09-07,66514.90625,66698.7734375,66253.796875,66253.796875,0
2021-09-08,65525.3515625,66514.90625,65445.6796875,66514.90625,0
2021-09-09,64176.53125,65525.3515625,63993.80078125,65525.3515625,0
2021-09-10,64296.05859375,64682.48046875,64176.53125,64176.53125,0
2021-09-13,64652.3203125,64841.390625,64055.7109375,64296.05859375,0
2021-09-14,64300.4609375,64652.3203125,63929.69140625,64652.3203125,0
2021-09-15,64385.12890625,64470.48828125,63840.8984375,64300.4609375,0
2021-09-16,63313.75,64385.12890625,63148.921875,64385.12890625,0
2021-09-17,62863.640625,63628.828125,62863.640625,63313.75,0
2021-09-20,61453.421875,62863.640625,60894.30078125,62863.640625,0
2021-09-21,62362.1796875,62660.4609375,61453.421875,61453.421875,0
2021-09-22,63353.05078125,63559.6015625,62362.1796875,62362.1796875,0
2021-09-23,64049.05078125,64086.96875,63353.05078125,63353.05078125,0
2021-09-27,64197.359375,64664.8515625,64049.05078125,64049.05078125,0
2021-09-28,63784.41015625,64330.98828125,63551.6484375,64197.359375,0
2021-09-29,64363.66015625,64363.66015625,63730.2890625,63784.41015625,0
2021-09-30,64281.76953125,64726.30078125,64278.05078125,64363.66015625,0
2021-10-01,63661.01953125,64281.76953125,63617.390625,64281.76953125,0
2021-10-04,64129.0,64303.4296875,63463.8203125,63661.01953125,0
2021-10-05,64542.87109375,64574.28125,63956.8515625,64129.0,0
2021-10-06,63987.01953125,64542.87109375,63442.83984375,64542.87109375,0
2021-10-07,65157.75,65250.80078125,63987.01953125,63987.01953125,0
2021-10-08,65242.609375,65610.390625,65113.359375,65157.75,0
2021-10-11,66101.0390625,66375.0703125,65242.609375,65242.609375,0
2021-10-12,65988.1171875,66180.3828125,65498.03125,66101.0390625,0
2021-10-13,66012.78125,66012.78125,65534.1015625,65988.1171875,0
2021-10-14,66846.171875,66928.390625,66012.78125,66012.78125,0
2021-10-15,67028.859375,67226.25,66837.890625,66846.171875,0
2021-10-18,66792.1015625,67176.8515625,66703.828125,67028.859375,0
2021-10-19,66776.1484375,67249.15625,66675.7265625,66792.1015625,0
2021-10-20,66894.7890625,66949.6171875,66347.9765625,66776.1484375,0
2021-10-21,66057.578125,66894.7890625,65942.7109375,66894.7890625,0
2021-10-22,67050.5234375,67201.84375,66057.578125,66057.578125,0
2021-10-25,66980.453125,67323.890625,66937.078125,67050.5234375,0
2021-10-26,67615.3125,67774.2265625,66879.9375,66980.453125,0
2021-10-27,67475.09375,67615.4375,67159.859375,67615.3125,0
2021-10-28,67759.7578125,68015.4609375,67475.09375,67475.09375,0
2021-10-29,67464.6875,67975.640625,67338.6015625,67759.7578125,0
2021-11-02,67782.203125,68079.8515625,67464.6875,67464.6875,0
2021-11-03,68587.2734375,68587.2734375,67782.203125,67782.203125,0
2021-11-04,68156.2109375,69105.6015625,68156.2109375,68587.2734375,0
2021-11-05,67825.34375,68712.9609375,67738.7578125,68156.2109375,0
2021-11-08,68049.34375,68264.1484375,67656.6328125,67825.34375,0
2021-11-09,67983.203125,68292.7265625,67710.84375,68049.34375,0
2021-11-10,68279.3984375,68478.703125,67648.7421875,67983.203125,0
2021-11-11,69131.5625,69322.3828125,68279.3984375,68279.3984375,0
2021-11-12,69921.3671875,69995.3984375,69131.5625,69131.5625,0
2021-11-15,70090.5390625,70327.046875,69638.921875,69921.3671875,0
2021-11-16,70938.40625,71049.0703125,70090.5390625,70090.5390625,0
2021-11-17,70942.34375,71447.7109375,70886.2578125,70938.40625,0
2021-11-18,70866.5703125,71084.15625,70638.53125,70942.34375,0
2021-11-19,70376.421875,71292.25,70104.1484375,70866.5703125,0
2021-11-22,70865.8515625,70990.7265625,70376.421875,70376.421875,0
2021-11-23,71015.3984375,71079.4921875,70422.359375,70865.8515625,0
2021-11-24,70558.890625,71235.2109375,70264.71875,71015.3984375,0
2021-11-25,70554.6796875,70929.6328125,70389.5,70558.890625,0
2021-11-26,68614.9765625,70554.6796875,68523.6875,70554.6796875,0
2021-11-29,70008.5390625,70287.546875,68614.9765625,68614.9765625,0
2021-11-30,70475.0234375,70639.328125,69537.828125,70008.5390625,0
2021-12-01,71198.078125,71251.421875,70475.0234375,70475.0234375,0
2021-12-02,71020.7578125,71512.546875,70651.3125,71198.078125,0
2021-12-03,70807.6015625,71579.0625,70807.6015625,71020.7578125,0
2021-12-06,71016.6328125,71242.4375,70763.90625,70807.6015625,0
2021-12-07,72939.25,72954.8671875,71016.6328125,71016.6328125,0
2021-12-08,72403.8828125,73048.0625,72203.5078125,72939.25,0
2021-12-09,72207.640625,72577.34375,71935.796875,72403.8828125,0
2021-12-10,71686.328125,72345.3984375,71664.7109375,72207.640625,0
2021-12-13,71429.8828125,72429.546875,71401.5,71686.328125,0
2021-12-14,71544.8203125,71765.296875,71264.2109375,71429.8828125,0
2021-12-15,71467.171875,72082.078125,71354.3203125,71544.8203125,0
2021-12-17,71203.1328125,72357.2265625,71203.1328125,71467.171875,0
2021-12-20,70087.6328125,71203.1328125,69473.671875,71203.1328125,0
2021-12-21,71119.359375,71341.203125,70087.6328125,70087.6328125,0
2021-12-22,71359.0390625,71642.2734375,71092.140625,71119.359375,0
2021-12-23,71684.1015625,72052.609375,71359.0390625,71359.0390625,0
2021-12-24,71570.640625,71859.5390625,71570.640625,71684.1015625,0
2021-12-28,72444.5234375,72599.4765625,71568.4296875,71570.640625,0
2021-12-29,73238.0078125,73285.03125,72311.65625,72444.5234375,0
2021-12-30,73786.453125,73822.9296875,73238.0078125,73238.0078125,0
2021-12-31,73709.390625,73881.5625,73419.8203125,73786.453125,0
2022-01-03,73722.6015625,74290.9296875,73638.71875,73709.390625,0
2022-01-04,75052.0625,75052.0625,73722.6015625,73722.6015625,0
2022-01-05,75060.921875,75084.140625,74508.9765625,75052.0625,0
2022-01-06,74165.25,75060.921875,74025.5,75060.921875,0
2022-01-07,73939.7109375,74348.6796875,73757.28125,74165.25,0
2022-01-10,73830.46875,74405.1484375,73830.46875,73939.7109375,0
2022-01-11,73971.4296875,74522.0625,73830.46875,73830.46875,0
2022-01-12,75884.75,75897.4921875,73971.4296875,73971.4296875,0
2022-01-13,75925.546875,75925.546875,75330.6015625,75884.75,0
2022-01-14,75160.2109375,75925.546875,74950.5078125,75925.546875,0
2022-01-17,75593.46875,75609.703125,75111.6875,75160.2109375,0
2022-01-18,74955.65625,75593.46875,74606.0234375,75593.46875,0
2022-01-19,76176.1484375,76176.1484375,74955.65625,74955.65625,0
2022-01-20,76233.2578125,76771.078125,75759.1171875,76176.1484375,0
2022-01-21,74834.5234375,76233.2578125,74651.3203125,76233.2578125,0
2022-01-24,72164.0234375,74834.5234375,72164.0234375,74834.5234375,0
2022-01-25,72314.8125,73137.21875,72164.0234375,72164.0234375,0
2022-01-26,73797.328125,73863.171875,72314.8125,72314.8125,0
2022-01-27,73504.0390625,73797.328125,72244.078125,73797.328125,0
2022-01-28,73454.9609375,74015.15625,72856.6171875,73504.0390625,0
2022-01-31,74304.5625,74905.7109375,73454.9609375,73454.9609375,0
2022-02-01,74889.171875,75258.453125,74304.5625,74304.5625,0
2022-02-02,75190.7421875,75672.046875,74889.171875,74889.171875,0
2022-02-03,75021.671875,75777.8125,75006.65625,75190.7421875,0
2022-02-04,75206.0,75528.46875,74766.3828125,75021.671875,0
2022-02-07,75679.5625,75851.171875,75101.328125,75206.0,0
2022-02-08,76090.5234375,76583.1328125,75679.5625,75679.5625,0
2022-02-09,76690.921875,77050.78125,76090.5234375,76090.5234375,0
2022-02-10,76585.1875,77206.46875,76159.28125,76690.921875,0
2022-02-11,76382.953125,76585.1875,75659.6015625,76585.1875,0
2022-02-14,75765.15625,76529.2109375,75495.9609375,76382.953125,0
2022-02-15,75853.15625,76397.359375,75708.078125,75765.15625,0
2022-02-16,76502.59375,76752.1015625,75853.15625,75853.15625,0
2022-02-17,76154.6875,76919.0078125,75974.1171875,76502.59375,0
2022-02-18,76368.34375,76461.7578125,75922.3671875,76154.6875,0
2022-02-21,75528.4609375,76708.8828125,75464.8203125,76368.34375,0
2022-02-22,75653.84375,75653.84375,74235.390625,75528.4609375,0
2022-02-23,74987.046875,75653.84375,74769.0625,75653.84375,0
2022-02-24,73697.109375,74987.046875,73350.3125,74987.046875,0
2022-02-25,74205.6875,74251.796875,73389.90625,73697.109375,0
2022-02-28,76090.5078125,76090.5078125,74205.6875,74205.6875,0
2022-03-01,77110.6875,77306.890625,76090.5078125,76090.5078125,0
2022-03-02,77536.1171875,77728.296875,76852.109375,77110.6875,0
2022-03-03,77390.8515625,78297.3828125,77339.203125,77536.1171875,0
2022-03-04,74734.3671875,77390.8515625,74015.3671875,77390.8515625,0
2022-03-07,73295.8828125,74793.34375,73295.8828125,74734.3671875,0
2022-03-08,72398.6171875,73295.8828125,72060.671875,73295.8828125,0
2022-03-09,72684.8203125,73382.8125,72398.6171875,72398.6171875,0
2022-03-10,73889.40625,73889.40625,72684.8203125,72684.8203125,0
2022-03-11,73685.890625,74680.78125,73667.609375,73889.40625,0
2022-03-14,71903.71875,73685.890625,71470.671875,73685.890625,0
2022-03-15,70628.203125,71903.71875,69556.9921875,71903.71875,0
2022-03-16,73484.296875,73484.296875,70628.203125,70628.203125,0
2022-03-17,74124.2734375,74437.53125,73484.296875,73484.296875,0
2022-03-18,74847.6328125,74921.53125,74124.2734375,74124.2734375,0
2022-03-22,75751.40625,75998.96875,74847.6328125,74847.6328125,0
2022-03-23,74838.09375,76084.609375,74781.7421875,75751.40625,0
2022-03-24,74349.9375,75408.2421875,74304.8203125,74838.09375,0
2022-03-25,74324.671875,74642.21875,74111.0390625,74349.9375,0
2022-03-28,74194.3515625,74608.078125,73949.296875,74324.671875,0
2022-03-29,74776.390625,75001.4375,74194.3515625,74194.3515625,0
2022-03-30,75425.3125,75425.3125,74606.3984375,74776.390625,0
2022-03-31,75497.1484375,75518.9609375,74766.140625,75425.3125,0
2022-04-01,75907.8984375,75959.9609375,74758.7734375,75497.1484375,0
2022-04-04,75835.0703125,76361.421875,75822.9609375,75907.8984375,0
2022-04-05,75286.609375,75835.21875,75097.171875,75835.21875,0
2022-04-06,74359.03125,75290.640625,74028.75,75286.609375,0
2022-04-07,74008.0703125,74403.5390625,73792.5625,74359.03125,0
2022-04-08,74776.109375,74911.40625,74008.0703125,74008.0703125,0
2022-04-11,74426.3984375,74776.109375,74157.078125,74776.109375,0
2022-04-12,73801.8828125,74468.046875,73405.09375,74426.3984375,0
2022-04-13,73128.6484375,74003.796875,72924.7109375,73801.8828125,0
2022-04-14,73382.828125,73753.3828125,73128.6484375,73128.6484375,0
2022-04-19,73830.2734375,74108.9375,73382.828125,73382.828125,0
2022-04-20,73783.4296875,74205.4765625,73480.828125,73830.2734375,0
2022-04-21,73350.9375,73899.859375,73181.640625,73783.4296875,0
2022-04-22,72264.8984375,73350.9375,72238.9921875,73350.9375,0
2022-04-25,69750.671875,72264.8984375,69692.6015625,72264.8984375,0
2022-04-26,70264.109375,70995.171875,69750.671875,69750.671875,0
2022-04-28,71534.5703125,71613.578125,70264.109375,70264.109375,0
2022-04-29,72438.25,73130.40625,71534.5703125,71534.5703125,0
2022-05-03,71338.9921875,72438.25,71296.640625,72438.25,0
2022-05-04,70357.578125,71338.9921875,70110.2890625,71338.9921875,0
2022-05-05,69682.6484375,71082.5078125,69682.6484375,70357.578125,0
2022-05-06,67978.140625,69682.6484375,67256.71875,69682.6484375,0
2022-05-09,66769.1171875,67978.140625,66481.3828125,67978.140625,0
2022-05-10,66966.7265625,67741.5703125,66769.1171875,66769.1171875,0
2022-05-11,68416.40625,68489.5078125,66820.5625,66966.7265625,0
2022-05-12,67251.890625,68416.40625,65954.359375,68416.40625,0
2022-05-13,68650.65625,68650.65625,67250.1328125,67251.890625,0
2022-05-16,69211.7578125,69269.3828125,68407.4375,68650.65625,0
2022-05-17,69696.390625,70384.40625,69211.7578125,69211.7578125,0
2022-05-18,69083.4375,70017.421875,68977.6484375,69696.390625,0
2022-05-19,68245.84375,69083.4375,67512.3515625,69083.4375,0
2022-05-20,67575.28125,69217.6484375,67575.28125,68245.84375,0
2022-05-23,68367.3671875,68798.0703125,67575.28125,67575.28125,0
2022-05-24,67690.71875,68367.3671875,67491.28125,68367.3671875,0
2022-05-25,67585.25,68227.7421875,66820.0390625,67690.71875,0
2022-05-26,69483.7578125,69573.3125,67585.25,67585.25,0
2022-05-27,70485.4609375,70607.7109375,69423.3671875,69483.7578125,0
2022-05-30,71958.1484375,72063.859375,70485.4609375,70485.4609375,0
2022-05-31,72094.8671875,72289.8828125,71620.2734375,71958.1484375,0
2022-06-01,70849.3828125,72094.8671875,70567.0390625,72094.8671875,0
2022-06-02,71035.0,71334.6328125,70849.3828125,70849.3828125,0
2022-06-03,70920.453125,71752.671875,70920.453125,71035.0,0
2022-06-06,71120.09375,71460.8203125,70830.6171875,70920.453125,0
2022-06-07,70318.2265625,71120.09375,69780.65625,71120.09375,0
2022-06-08,69950.2109375,70706.46875,69879.578125,70318.2265625,0
2022-06-09,68910.796875,70460.7421875,68910.796875,69950.2109375,0
2022-06-10,67803.5078125,68910.796875,67703.1328125,68910.796875,0
2022-06-13,66381.03125,67803.5078125,65961.65625,67803.5078125,0
2022-06-14,65683.5234375,66909.859375,65559.3671875,66381.03125,0
2022-06-15,67502.09375,67544.5078125,65225.94921875,65683.5234375,0
2022-06-17,65390.87890625,67502.09375,65390.87890625,67502.09375,0
2022-06-20,66350.3125,66692.7265625,65390.87890625,65390.87890625,0
2022-06-21,66747.2265625,67508.53125,66350.3125,66350.3125,0
2022-06-22,65712.6796875,66747.2265625,65191.1015625,66747.2265625,0
2022-06-23,65295.421875,65784.96875,64744.53125,65712.6796875,0
2022-06-24,66348.75,66373.2265625,65207.0,65295.421875,0
2022-06-27,67826.78125,68360.40625,66348.75,66348.75,0
2022-06-28,68058.1171875,68686.6484375,67826.78125,67826.78125,0
2022-06-29,67747.40625,68058.1171875,67139.9609375,68058.1171875,0
2022-06-30,66223.3125,67747.40625,66223.3125,67747.40625,0
2022-07-01,65661.7265625,66635.3203125,65452.83984375,66223.3125,0
2022-07-04,67024.8203125,67417.8203125,65661.7265625,65661.7265625,0
2022-07-05,65005.80859375,67092.5,64719.98828125,67024.8203125,0
2022-07-06,65756.359375,66278.8828125,65005.80859375,65005.80859375,0
2022-07-07,67909.2890625,67971.7109375,65756.359375,65756.359375,0
2022-07-08,68327.3984375,68491.3671875,67089.2578125,67909.2890625,0
2022-07-11,67226.75,68327.3984375,66615.5390625,68327.3984375,0
2022-07-12,67163.7109375,67226.75,66619.8671875,67226.75,0
2022-07-13,66142.6875,67163.7109375,65345.53125,67163.7109375,0
2022-07-14,64712.87890625,66381.171875,64348.2890625,66142.6875,0
2022-07-15,65088.8984375,65306.6015625,64118.05078125,64712.87890625,0
2022-07-18,67016.140625,67177.28125,65088.8984375,65088.8984375,0
2022-07-19,67785.0390625,67797.4765625,66418.328125,67016.140625,0
2022-07-20,67652.4609375,68528.65625,67093.0078125,67785.0390625,0
2022-07-21,67907.2421875,68099.3828125,67053.6484375,67652.4609375,0
2022-07-22,68069.578125,68437.8515625,67907.2421875,67907.2421875,0
2022-07-25,67749.7890625,68252.6171875,67322.3671875,68069.578125,0
2022-07-26,68421.796875,68458.25,67749.7890625,67749.7890625,0
2022-07-27,68424.96875,68693.25,68217.7734375,68421.796875,0
2022-07-28,68610.75,69464.7265625,68424.96875,68424.96875,0
2022-07-29,68934.0078125,69176.4375,68478.140625,68610.75,0
2022-08-01,68642.59375,69424.796875,68263.3515625,69016.4609375,0
2022-08-02,68002.2265625,68642.59375,67501.7265625,68642.59375,0
2022-08-03,68610.5703125,69107.9921875,68002.2265625,68002.2265625,0
2022-08-04,68717.0234375,69461.1015625,68610.5703125,68610.5703125,0
2022-08-05,69519.2734375,69645.7734375,68717.0234375,68717.0234375,0
2022-08-08,70266.1328125,70480.3984375,69308.140625,69519.2734375,0
2022-08-10,69744.8984375,70266.1328125,69279.1875,70266.1328125,0
2022-08-11,71264.7734375,71399.609375,69744.8984375,69744.8984375,0
2022-08-12,70731.3203125,71305.0390625,70731.3203125,71264.7734375,0
2022-08-15,70740.6328125,71159.2421875,70629.78125,70731.3203125,0
2022-08-16,71504.6875,71563.0078125,70740.6328125,70740.6328125,0
2022-08-17,70967.3515625,71504.6875,70742.3515625,71504.6875,0
2022-08-18,71011.3828125,71238.6171875,70817.6171875,70967.3515625,0
2022-08-19,69719.4296875,71081.59375,69594.84375,71011.3828125,0
2022-08-22,69195.6015625,69719.4296875,68705.84375,69719.4296875,0
2022-08-23,69772.2734375,70032.640625,69123.1484375,69195.6015625,0
2022-08-24,69808.7109375,70106.3125,69520.4921875,69772.2734375,0
2022-08-25,70340.703125,70592.796875,69808.7109375,69808.7109375,0
2022-08-26,70173.09375,71054.8671875,70062.671875,70340.703125,0
2022-08-29,69207.0234375,70173.09375,68627.9609375,70173.09375,0
2022-08-30,67900.4765625,69548.6171875,67689.4296875,69207.0234375,0
2022-08-31,67257.140625,68636.4609375,67257.140625,67900.4765625,0
2022-09-01,66021.7109375,67257.140625,65830.5,67257.140625,0
2022-09-02,67378.3125,67409.3125,66021.7109375,66021.7109375,0
2022-09-05,67399.390625,67723.328125,66846.0703125,67378.3125,0
2022-09-06,67538.7734375,67954.0703125,67143.53125,67399.390625,0
2022-09-07,66715.828125,67538.7734375,66313.2890625,67538.7734375,0
2022-09-08,67260.2265625,67524.7421875,66596.8671875,66715.828125,0
2022-09-09,68708.4765625,69221.421875,67260.2265625,67260.2265625,0
2022-09-12,69772.40625,70064.6875,68708.4765625,68708.4765625,0
2022-09-13,68273.7109375,69866.5,68128.640625,69772.40625,0
2022-09-14,67964.0234375,68273.7109375,67435.5390625,68273.7109375,0
2022-09-15,67568.2578125,68478.3125,67555.828125,67964.0234375,0
2022-09-16,66584.34375,67568.2578125,66334.3203125,67568.2578125,0
2022-09-19,66474.859375,66584.34375,65540.15625,66584.34375,0
2022-09-20,66602.84375,67439.109375,66425.9375,66474.859375,0
2022-09-21,66208.7109375,66602.84375,65893.15625,66602.84375,0
2022-09-22,65276.96875,66208.7109375,65190.98828125,66208.7109375,0
2022-09-23,63416.66015625,65276.96875,63267.05078125,65276.96875,0
2022-09-26,63625.66015625,63786.98046875,62646.37109375,63416.66015625,0
2022-09-27,64025.94921875,64218.359375,63371.26953125,63625.66015625,0
2022-09-28,63808.3203125,64025.94921875,62193.9296875,64025.94921875,0
2022-09-29,63263.94140625,63945.4296875,62598.87109375,63808.3203125,0
2022-09-30,63726.37109375,63970.80859375,63261.05859375,63263.94140625,0
2022-10-03,64227.23046875,64312.55859375,63280.33984375,63726.37109375,0
2022-10-04,66312.828125,66312.828125,64227.23046875,64227.23046875,0
2022-10-05,65612.7578125,66456.390625,65387.75,66312.828125,0
2022-10-06,65832.671875,66562.1015625,65612.7578125,65612.7578125,0
2022-10-07,65675.4765625,65924.4609375,65217.0,65832.671875,0
2022-10-10,64769.19921875,65675.4765625,64552.01953125,65675.4765625,0
2022-10-11,64588.08984375,65146.5,64121.2890625,64769.19921875,0
2022-10-12,64528.23046875,65023.37890625,64319.94140625,64588.08984375,0
2022-10-13,64392.4296875,64808.0390625,63662.87890625,64528.23046875,0
2022-10-14,64271.359375,65774.421875,64082.3984375,64392.4296875,0
2022-10-17,66190.75,66262.75,64149.01171875,64271.359375,0
2022-10-18,66350.9765625,66902.2734375,66187.8125,66190.75,0
2022-10-19,65652.5,66350.9765625,65175.87890625,66350.9765625,0
2022-10-20,65794.28125,65869.4375,64854.3203125,65652.5,0
2022-10-21,65539.2421875,66015.75,64705.8203125,65794.28125,0
2022-10-24,64975.94921875,65823.8515625,64662.9609375,65539.2421875,0
2022-10-25,65850.84375,66023.6875,64975.94921875,64975.94921875,0
2022-10-26,67103.09375,67103.09375,65850.84375,65850.84375,0
2022-10-27,67123.40625,67371.78125,66641.578125,67103.09375,0
2022-10-28,66385.578125,67123.40625,65799.5234375,67123.40625,0
2022-10-31,66671.6484375,66843.109375,66385.578125,66385.578125,0
2022-11-01,67414.2734375,68210.9609375,66671.6484375,66671.6484375,0
2022-11-02,67123.1015625,67913.6015625,66990.640625,67414.2734375,0
2022-11-03,66046.6484375,67123.1015625,65609.546875,67123.1015625,0
2022-11-04,69305.1875,69437.1328125,66046.6484375,66046.6484375,0
2022-11-07,69439.3203125,69658.96875,68562.828125,69305.1875,0
2022-11-08,69011.453125,69439.3203125,68690.8984375,69439.3203125,0
2022-11-09,69640.2265625,69700.9765625,68957.53125,69011.453125,0
2022-11-10,70710.2734375,70720.0625,68654.3515625,69640.2265625,0
2022-11-11,72982.796875,73435.53125,70710.2734375,70710.2734375,0
2022-11-14,72822.46875,73258.078125,72766.65625,72982.796875,0
2022-11-15,72998.6875,73489.0078125,72702.9765625,72822.46875,0
2022-11-16,72607.4609375,73487.9609375,72607.4609375,72998.6875,0
2022-11-17,72155.2890625,72774.46875,71834.640625,72607.4609375,0
2022-11-18,72576.859375,72929.328125,72155.2890625,72155.2890625,0
2022-11-21,71938.0078125,72576.859375,71686.03125,72576.859375,0
2022-11-22,72242.328125,72436.9765625,71359.5078125,71938.0078125,0
2022-11-23,72891.453125,73028.7890625,72242.328125,72242.328125,0
2022-11-24,73127.34375,73426.4765625,72741.3203125,72891.453125,0
2022-11-25,73151.3828125,73446.34375,72484.328125,73127.34375,0
2022-11-28,73368.25,73524.46875,72539.96875,73151.3828125,0
2022-11-29,73127.921875,74207.78125,72811.671875,73368.25,0
2022-11-30,74828.0,75093.640625,73070.8125,73127.921875,0
2022-12-01,75020.0078125,76338.1484375,74828.0,74828.0,0
2022-12-02,74322.90625,75020.0078125,73356.9296875,75020.0078125,0
2022-12-05,74693.421875,75511.3984375,74322.90625,74322.90625,0
2022-12-06,74557.3125,74961.03125,74215.4375,74693.421875,0
2022-12-07,74011.1171875,74557.3125,73619.90625,74557.3125,0
2022-12-08,74467.2578125,74628.1328125,73947.2265625,74011.1171875,0
2022-12-09,74548.140625,75035.65625,74448.8515625,74467.2578125,0
2022-12-12,74422.1796875,74773.296875,73554.2421875,74548.140625,0
2022-12-13,75835.453125,76172.90625,74315.5625,74422.1796875,0
2022-12-14,74294.671875,75835.453125,74049.25,75835.453125,0
2022-12-15,72989.34375,74294.671875,72785.8515625,74294.671875,0
2022-12-19,73359.6015625,73588.609375,72572.0,72989.34375,0
2022-12-20,73040.5078125,73359.6015625,71826.46875,73359.6015625,0
2022-12-21,73836.90625,73836.90625,72938.7734375,73040.5078125,0
2022-12-22,73225.1328125,74100.1015625,73048.890625,73836.90625,0
2022-12-23,73493.46875,73577.0625,72877.34375,73225.1328125,0
2022-12-28,74277.5625,74548.890625,73493.46875,73493.46875,0
2022-12-29,73597.140625,74277.5625,72841.34375,74277.5625,0
2022-12-30,73048.5703125,73597.140625,72888.2109375,73597.140625,0
2023-01-03,74436.4765625,74612.671875,73048.5703125,73048.5703125,0
2023-01-04,74567.609375,74987.2734375,74249.0390625,74436.4765625,0
2023-01-05,75439.296875,76041.390625,74567.609375,74567.609375,0
2023-01-06,76858.9375,77069.21875,75439.296875,75439.296875,0
2023-01-09,78342.703125,78624.203125,76858.9375,76858.9375,0
2023-01-10,78000.3125,78342.703125,77597.3515625,78342.703125,0
2023-01-11,78522.1015625,78927.9609375,78000.3125,78000.3125,0
2023-01-12,78627.546875,79313.5703125,78044.25,78522.1015625,0
2023-01-13,79333.71875,79527.328125,78627.546875,78627.546875,0
2023-01-16,79167.796875,79760.3203125,79040.1796875,79333.71875,0
2023-01-17,79385.109375,79483.6328125,78886.59375,79167.796875,0
2023-01-18,79865.4765625,79981.75,78952.9765625,79385.109375,0
2023-01-19,79505.0625,79866.90625,78947.5234375,79865.4765625,0
2023-01-20,79269.7734375,80226.2578125,79002.859375,79505.0625,0
2023-01-23,80128.6328125,80358.84375,79269.7734375,79269.7734375,0
2023-01-24,80037.0078125,80647.7734375,79882.953125,80128.6328125,0
2023-01-25,79725.4609375,80471.828125,79447.46875,80037.0078125,0
2023-01-26,80508.96875,80904.7890625,79725.4609375,79725.4609375,0
2023-01-27,80791.359375,81337.953125,80508.96875,80508.96875,0
2023-01-30,80324.859375,80791.359375,79702.96875,80791.359375,0
2023-01-31,79476.6015625,80324.859375,79252.140625,80324.859375,0
2023-02-01,79816.8671875,80474.0390625,79476.6015625,79476.6015625,0
2023-02-02,79802.09375,80273.3125,79501.8984375,79816.8671875,0
2023-02-03,80240.921875,80303.4296875,79389.25,79802.09375,0
2023-02-06,79582.828125,80240.921875,79267.609375,80240.921875,0
2023-02-07,79534.21875,79713.7890625,79178.84375,79582.828125,0
2023-02-08,79975.59375,80038.5234375,79534.21875,79534.21875,0
2023-02-09,80021.09375,80400.03125,79975.59375,79975.59375,0
2023-02-10,78985.3515625,80021.09375,78730.1796875,80021.09375,0
2023-02-13,79770.2109375,79770.2109375,78859.859375,78985.3515625,0
2023-02-14,79858.0234375,80205.90625,79494.0703125,79770.2109375,0
2023-02-15,79471.7578125,80265.109375,79275.5078125,79858.0234375,0
2023-02-16,80227.1875,80530.609375,79471.7578125,79471.7578125,0
2023-02-17,79271.78125,80227.1875,79175.1171875,80227.1875,0
2023-02-20,79829.390625,79938.421875,79271.78125,79271.78125,0
2023-02-21,78811.046875,79829.390625,78613.09375,79829.390625,0
2023-02-22,78170.140625,79028.1015625,78014.9609375,78811.046875,0
2023-02-23,79010.828125,79217.7421875,78141.2890625,78170.140625,0
2023-02-24,76937.7734375,79010.828125,76831.40625,79010.828125,0
2023-02-27,77513.78125,77702.9375,76725.5078125,76937.7734375,0
2023-02-28,77733.8671875,78056.2109375,77028.6015625,77513.78125,0
2023-03-01,78631.453125,78994.1796875,77733.8671875,77733.8671875,0
2023-03-02,77547.0078125,78879.453125,77158.1484375,78631.453125,0
2023-03-03,78293.0078125,78509.8125,77547.0078125,77547.0078125,0
2023-03-06,78697.828125,78747.828125,78269.546875,78293.0078125,0
2023-03-07,78556.5390625,78936.8984375,78436.1328125,78697.828125,0
2023-03-08,77741.828125,78556.5390625,77310.859375,78556.5390625,0
2023-03-09,77664.046875,77785.5078125,76914.546875,77741.828125,0
2023-03-10,76454.359375,77664.046875,75763.6171875,77664.046875,0
2023-03-13,75502.28125,77299.3203125,74631.1015625,76454.359375,0
2023-03-14,75008.6796875,75502.28125,74250.0390625,75502.28125,0
2023-03-15,72895.5390625,75268.7421875,72534.7734375,75008.6796875,0
2023-03-16,72905.5,73670.03125,72269.1796875,72895.5390625,0
2023-03-17,72527.921875,74069.140625,72519.1875,72905.5,0
2023-03-20,74271.0625,74298.3671875,71905.796875,72527.921875,0
2023-03-22,75243.4375,75243.4375,74271.0625,74271.0625,0
2023-03-23,75585.2265625,75658.4921875,75001.9921875,75243.4375,0
2023-03-24,74695.0390625,75585.2265625,74047.1484375,75585.2265625,0
2023-03-27,75283.6796875,75542.5234375,74695.0390625,74695.0390625,0
2023-03-28,76047.34375,76437.03125,75283.6796875,75283.6796875,0
2023-03-29,76480.109375,76676.28125,75879.0390625,76047.34375,0
2023-03-30,76704.6328125,77313.078125,76424.59375,76480.109375,0
2023-03-31,76100.171875,77072.828125,76057.4921875,76704.6328125,0
2023-04-03,76614.9609375,76843.9765625,76100.171875,76100.171875,0
2023-04-04,77458.578125,77458.578125,76439.2421875,76614.9609375,0
2023-04-05,76656.421875,77458.578125,76608.140625,77458.578125,0
2023-04-06,77113.703125,77337.671875,76656.421875,76656.421875,0
2023-04-11,77990.5390625,78434.6328125,77113.703125,77113.703125,0
2023-04-12,77740.6875,78377.2265625,77646.46875,77990.5390625,0
2023-04-13,78462.7734375,78566.7890625,77740.6875,77740.6875,0
2023-04-14,78870.359375,79203.5078125,78462.7734375,78462.7734375,0
2023-04-17,78723.703125,79155.2109375,78596.4296875,78870.359375,0
2023-04-18,79294.7578125,79455.7109375,78723.703125,78723.703125,0
2023-04-19,78796.859375,79294.7578125,78257.828125,79294.7578125,0
2023-04-20,78883.2578125,79037.6484375,78440.3203125,78796.859375,0
2023-04-21,77910.9609375,78883.2578125,77869.8203125,78883.2578125,0
2023-04-24,78121.3671875,78447.8203125,77683.6796875,77910.9609375,0
2023-04-25,77891.1328125,78123.453125,77650.703125,78121.3671875,0
2023-04-26,78122.1171875,78262.03125,77283.8515625,77891.1328125,0
2023-04-28,78218.3671875,78327.09375,77273.6328125,78122.1171875,0
2023-05-02,77532.8984375,78353.9375,77393.2890625,78218.3671875,0
2023-05-03,78218.6015625,78218.6015625,77532.8984375,77532.8984375,0
2023-05-04,77271.1328125,78236.671875,77042.90625,78218.6015625,0
2023-05-05,78132.7734375,78132.7734375,77271.1328125,77271.1328125,0
2023-05-08,78572.328125,78868.7734375,78132.7734375,78132.7734375,0
2023-05-09,77776.8671875,78572.328125,77546.40625,78572.328125,0
2023-05-10,77775.0234375,78511.0625,77534.3125,77776.8671875,0
2023-05-11,76997.15625,77979.6328125,76755.1484375,77775.0234375,0
2023-05-12,78330.203125,78815.15625,76997.15625,76997.15625,0
2023-05-15,78261.6484375,78731.96875,78132.21875,78330.203125,0
2023-05-16,77973.0234375,78684.4921875,77973.0234375,78261.6484375,0
2023-05-17,78390.7421875,78390.7421875,77526.75,77973.0234375,0
2023-05-18,77667.9609375,78675.71875,77067.140625,78390.7421875,0
2023-05-19,78175.8203125,78298.078125,77667.9609375,77667.9609375,0
2023-05-22,77962.7265625,78206.140625,77900.2109375,78175.8203125,0
2023-05-23,76748.2734375,77962.7265625,76741.359375,77962.7265625,0
2023-05-24,75621.8984375,76748.2734375,75509.75,76748.2734375,0
2023-05-25,76174.609375,76531.2734375,75373.8984375,75621.8984375,0
2023-05-26,76589.5390625,76672.4921875,75584.90625,76174.609375,0
2023-05-29,76613.3515625,76843.3984375,76448.078125,76589.5390625,0
2023-05-30,75939.4609375,77179.59375,75938.40625,76613.3515625,0
2023-05-31,75067.46875,76110.6875,74826.1875,75939.4609375,0
2023-06-01,75783.25,76061.390625,75067.46875,75067.46875,0
2023-06-02,77126.0625,77417.109375,75783.25,75783.25,0
2023-06-05,76602.84375,77126.0625,76372.46875,77126.0625,0
2023-06-06,76840.109375,76840.109375,76056.296875,76602.84375,0
2023-06-07,77125.8515625,77474.8203125,76640.859375,76840.109375,0
2023-06-08,77015.2109375,77355.1171875,76671.640625,77125.8515625,0
2023-06-09,76936.109375,77282.8515625,76715.078125,77015.2109375,0
2023-06-12,76282.1328125,77136.0703125,76185.796875,76936.109375,0
2023-06-13,77827.7265625,77869.6875,76282.1328125,76282.1328125,0
2023-06-14,78060.21875,78200.8984375,77706.640625,77827.7265625,0
2023-06-15,78531.8125,78595.25,77416.2890625,78060.21875,0
2023-06-19,78014.3515625,78531.8125,77613.578125,78531.8125,0
2023-06-20,76769.21875,78014.3515625,76744.8203125,78014.3515625,0
2023-06-21,75629.8828125,76769.21875,75504.109375,76769.21875,0
2023-06-22,75105.7890625,75629.8828125,74807.828125,75629.8828125,0
2023-06-23,74402.8984375,75125.546875,73805.296875,75105.7890625,0
2023-06-26,74265.0390625,74680.7421875,74006.6328125,74402.8984375,0
2023-06-27,74543.4765625,75182.2265625,74159.9375,74265.0390625,0
2023-06-28,74831.109375,75168.8515625,74542.8203125,74543.4765625,0
2023-06-29,74892.5078125,75006.1171875,74548.2109375,74831.109375,0
2023-06-30,76027.828125,76223.09375,74875.6328125,74892.5078125,0
2023-07-03,76233.9296875,76458.1484375,75960.890625,76027.828125,0
2023-07-04,76223.703125,76393.953125,76055.703125,76233.9296875,0
2023-07-05,75909.4921875,76223.703125,75554.140625,76223.703125,0
2023-07-06,74113.21875,75909.4921875,73993.546875,75909.4921875,0
2023-07-07,74823.0234375,74878.921875,74113.21875,74113.21875,0
2023-07-10,74345.9765625,74823.0234375,73915.390625,74823.0234375,0
2023-07-11,74876.59375,75123.3984375,74345.9765625,74345.9765625,0
2023-07-12,76544.7890625,76544.7890625,74813.40625,74876.59375,0
2023-07-13,77317.2578125,77570.0625,76530.5390625,76544.7890625,0
2023-07-14,77750.5078125,77901.09375,77125.3984375,77317.2578125,0
2023-07-17,77253.5078125,77750.5078125,76791.71875,77750.5078125,0
2023-07-18,77098.546875,77253.5078125,76670.4921875,77253.5078125,0
2023-07-19,77080.96875,77215.171875,76794.0390625,77098.546875,0
2023-07-20,77016.828125,77319.2734375,76831.9609375,77080.96875,0
2023-07-21,76826.6328125,77065.4765625,76729.9609375,77016.828125,0
2023-07-24,76766.0703125,77168.0,76542.59375,76826.6328125,0
2023-07-25,77525.6171875,77627.390625,76766.0703125,76766.0703125,0
2023-07-26,77546.3828125,77637.109375,77219.640625,77525.6171875,0
2023-07-27,78267.25,78414.3203125,77525.6328125,77546.3828125,0
2023-07-28,78506.8984375,78612.34375,78130.8984375,78267.25,0
2023-07-31,78977.890625,78981.890625,78176.0234375,78506.8984375,0
2023-08-01,78641.90625,79212.40625,78560.546875,78977.890625,0
2023-08-02,76477.21875,78641.90625,76477.21875,78641.90625,0
2023-08-03,76747.203125,76747.203125,75634.0,76477.21875,0
2023-08-04,76960.609375,77118.4765625,76368.421875,76747.203125,0
2023-08-07,77013.7421875,77280.03125,76702.2109375,76960.609375,0
2023-08-08,76837.4375,77036.171875,76542.2109375,77013.7421875,0
2023-08-10,77749.6796875,78140.6484375,76837.4375,76837.4375,0
2023-08-11,76974.2578125,77749.6796875,76923.328125,77749.6796875,0
2023-08-14,76160.8671875,77012.5078125,75813.59375,76974.2578125,0
2023-08-15,75590.7734375,76311.53125,75347.0078125,76160.8671875,0
2023-08-16,74914.5234375,75590.7734375,74453.1015625,75590.7734375,0
2023-08-17,74375.21875,75344.5703125,74159.1484375,74914.5234375,0
2023-08-18,73080.8671875,74375.21875,72890.8203125,74375.21875,0
2023-08-21,73760.2109375,73990.6484375,73080.8671875,73080.8671875,0
2023-08-22,73277.8828125,74300.8125,73112.6328125,73760.2109375,0
2023-08-23,74022.578125,74050.1328125,73277.8828125,73277.8828125,0
2023-08-24,74301.5625,74937.609375,74022.578125,74022.578125,0
2023-08-25,73836.0078125,74738.5703125,73836.0078125,74301.5625,0
2023-08-28,75079.609375,75103.6171875,73836.0078125,73836.0078125,0
2023-08-29,74776.1796875,75079.609375,74485.578125,75079.609375,0
2023-08-30,75256.1875,75296.171875,74776.1796875,74776.1796875,0
2023-08-31,74953.7265625,75332.078125,74883.4375,75256.1875,0
2023-09-01,74786.7890625,75406.609375,74591.0625,74953.7265625,0
2023-09-04,75375.21875,75667.7734375,74786.7890625,74786.7890625,0
2023-09-05,75016.0,75375.21875,74471.5703125,75375.21875,0
2023-09-06,74411.0234375,75016.0,74138.3828125,75016.0,0
2023-09-07,73185.1171875,74411.0234375,73150.7265625,74411.0234375,0
2023-09-08,73652.671875,73654.171875,72964.6796875,73185.1171875,0
2023-09-11,74106.1796875,74606.3125,73652.671875,73652.671875,0
2023-09-12,74086.6171875,74194.96875,73606.4296875,74106.1796875,0
2023-09-13,73302.5625,74086.6171875,72826.0625,74086.6171875,0
2023-09-14,74354.3671875,74354.3671875,73296.203125,73302.5625,0
2023-09-15,74589.8125,75016.0234375,74354.3671875,74354.3671875,0
2023-09-18,73908.03125,74760.90625,73736.8984375,74589.8125,0
2023-09-19,73806.421875,74169.078125,73665.8671875,73908.03125,0
2023-09-20,74824.09375,74824.09375,73704.1484375,73806.421875,0
2023-09-21,73238.109375,74824.09375,72937.2109375,74824.09375,0
2023-09-22,73398.78125,73731.28125,73238.109375,73238.109375,0
2023-09-26,72652.1015625,73398.78125,71661.7109375,73398.78125,0
2023-09-27,72174.140625,72952.7109375,72162.5078125,72652.1015625,0
2023-09-28,72505.9921875,72505.9921875,71935.7265625,72174.140625,0
2023-09-29,72382.890625,73190.6328125,72300.03125,72505.9921875,0
2023-10-02,71238.0625,72567.71875,71238.0625,72382.890625,0
2023-10-03,70773.2109375,71650.21875,70461.2421875,71238.0625,0
2023-10-04,70564.6875,71208.8203125,70271.4765625,70773.2109375,0
2023-10-05,71249.59375,71387.0234375,70511.15625,70564.6875,0
2023-10-06,71657.25,71657.25,70848.140625,71249.59375,0
2023-10-09,71648.390625,72262.7578125,71285.4375,71657.25,0
2023-10-10,73840.5,73840.5,71648.390625,71648.390625,0
2023-10-11,73849.53125,73936.828125,73368.3203125,73840.5,0
2023-10-12,73390.8125,74382.25,73155.671875,73849.53125,0
2023-10-13,72919.71875,73390.8125,72804.7421875,73390.8125,0
2023-10-16,73146.75,73156.953125,72372.96875,72919.71875,0
2023-10-17,72831.796875,73146.75,72230.8671875,73146.75,0
2023-10-18,71968.671875,72924.25,71762.171875,72831.796875,0
2023-10-19,70961.328125,71968.671875,70961.328125,71968.671875,0
2023-10-20,70198.0078125,70961.328125,70067.9921875,70961.328125,0
2023-10-23,70100.28125,70306.3984375,69631.15625,70198.0078125,0
2023-10-24,70578.25,70578.25,70051.96875,70100.28125,0
2023-10-25,70274.34375,70578.25,69931.453125,70578.25,0
2023-10-26,69930.5234375,70274.34375,69496.5625,70274.34375,0
2023-10-27,69451.96875,70279.609375,69440.4296875,69930.5234375,0
2023-10-30,69871.15625,70090.1015625,69451.96875,69451.96875,0
2023-10-31,69653.4375,70387.6875,69439.3828125,69871.15625,0
2023-11-01,69740.296875,69893.609375,69128.4921875,69653.4375,0
2023-11-02,71383.921875,71383.921875,69740.296875,69740.296875,0
2023-11-03,72856.1796875,73097.7109375,71383.921875,71383.921875,0
2023-11-06,73293.6875,73501.0390625,72856.1796875,72856.1796875,0
2023-11-07,71572.9921875,73293.6875,71408.5078125,73293.6875,0
2023-11-08,72465.6328125,72465.6328125,71436.7734375,71572.9921875,0
2023-11-09,72226.671875,72465.6328125,71619.9921875,72465.6328125,0
2023-11-10,71393.296875,72226.671875,71002.0078125,72226.671875,0
2023-11-13,71633.171875,71936.9765625,71393.296875,71393.296875,0
2023-11-14,73443.5,73672.2109375,71633.171875,71633.171875,0
2023-11-15,74800.2890625,75388.640625,73443.5,73443.5,0
2023-11-16,73736.609375,74800.2890625,73282.0703125,74800.2890625,0
2023-11-17,73920.75,74135.4609375,73423.40625,73736.609375,0
2023-11-20,74321.4765625,74325.8203125,73920.75,73920.75,0
2023-11-21,74270.7421875,74677.390625,73922.578125,74321.4765625,0
2023-11-22,74763.9609375,74985.2421875,74184.6875,74270.7421875,0
2023-11-23,75438.7109375,75681.0,74763.9609375,74763.9609375,0
2023-11-24,75712.3984375,75712.3984375,74955.796875,75438.7109375,0
2023-11-27,75369.8828125,75712.3984375,75309.75,75712.3984375,0
2023-11-28,75589.1796875,75610.859375,74992.1796875,75369.8828125,0
2023-11-29,75241.40625,75646.6875,75192.75,75589.1796875,0
2023-11-30,75534.359375,75921.2734375,75241.40625,75241.40625,0
2023-12-01,75705.8515625,76188.3125,75318.5078125,75534.359375,0
2023-12-04,75941.0625,76089.5234375,75511.4296875,75705.8515625,0
2023-12-05,75215.4921875,75941.0625,75062.2421875,75941.0625,0
2023-12-06,75400.6171875,75855.140625,75215.4921875,75215.4921875,0
2023-12-07,74787.0390625,75400.6171875,74662.4765625,75400.6171875,0
2023-12-08,73790.8515625,74907.9765625,73710.4296875,74787.0390625,0
2023-12-11,73892.296875,73892.296875,73192.578125,73790.8515625,0
2023-12-12,72621.84375,74640.96875,72621.84375,73892.296875,0
2023-12-13,72640.5078125,73016.9296875,72337.0703125,72621.84375,0
2023-12-14,75289.859375,75572.0390625,72640.5078125,72640.5078125,0
2023-12-18,74301.59375,75289.859375,74301.59375,75289.859375,0
2023-12-19,74842.59375,74842.59375,73999.0390625,74301.59375,0
2023-12-20,74893.5,75484.9375,74751.71875,74842.59375,0
2023-12-21,75412.9296875,75441.0703125,74344.8671875,74893.5,0
2023-12-22,74379.5703125,75412.9296875,74038.4375,75412.9296875,0
2023-12-27,76657.9375,76817.8515625,74379.5703125,74379.5703125,0
2023-12-28,76485.7265625,77092.8828125,76485.7265625,76657.9375,0
2023-12-29,76893.1484375,76893.1484375,76225.7890625,76485.7265625,0
2024-01-02,75709.140625,76893.1484375,75592.078125,76893.1484375,0
2024-01-03,74510.71875,75709.140625,74510.71875,75709.140625,0
2024-01-04,74522.4921875,75117.578125,74348.046875,74510.71875,0
2024-01-05,74488.203125,74522.4921875,73818.3828125,74522.4921875,0
2024-01-08,74103.2265625,74488.203125,73576.09375,74488.203125,0
2024-01-09,73826.1484375,74460.15625,73826.1484375,74103.2265625,0
2024-01-10,73586.9765625,73894.9609375,73383.8828125,73826.1484375,0
2024-01-11,73834.28125,74258.328125,73586.9765625,73586.9765625,0
2024-01-12,74240.7578125,74287.28125,73608.5390625,73834.28125,0
2024-01-15,73675.7421875,74310.2734375,73377.7734375,74240.7578125,0
2024-01-16,73007.6171875,73675.7421875,72870.1328125,73675.7421875,0
2024-01-17,71693.09375,73007.6171875,71635.2578125,73007.6171875,0
2024-01-18,72344.3984375,72545.1875,71693.09375,71693.09375,0
2024-01-19,72660.90625,72949.15625,72344.3984375,72344.3984375,0
2024-01-22,72351.5,72660.90625,72064.4765625,72660.90625,0
2024-01-23,73337.1875,73429.21875,72351.5,72351.5,0
2024-01-24,74320.109375,74455.8671875,73231.140625,73337.1875,0
2024-01-25,74040.5390625,74440.296875,73937.28125,74320.109375,0
2024-01-26,75084.3828125,75084.3828125,73447.1328125,74040.5390625,0
2024-01-29,74370.53125,75084.3828125,74323.140625,75084.3828125,0
2024-01-30,74611.453125,74853.1875,74322.8828125,74370.53125,0
2024-01-31,74555.8671875,74611.453125,73873.34375,74611.453125,0
2024-02-01,74469.953125,74555.8671875,73453.03125,74555.8671875,0
2024-02-02,74381.9609375,75440.703125,74143.7578125,74469.953125,0
2024-02-05,74033.921875,74476.1328125,73824.5625,74381.9609375,0
2024-02-06,74558.5234375,74783.71875,74033.921875,74033.921875,0
2024-02-07,74313.4375,74598.65625,74154.296875,74558.5234375,0
2024-02-08,73725.3828125,74313.4375,73541.40625,74313.4375,0
2024-02-09,73423.296875,73855.6796875,73336.3984375,73725.3828125,0
2024-02-12,73722.1015625,73755.2734375,73091.75,73423.296875,0
2024-02-13,73062.59375,73893.46875,73027.7890625,73722.1015625,0
2024-02-14,73009.7421875,73062.59375,72626.171875,73062.59375,0
2024-02-15,73218.4375,73347.2265625,72690.578125,73009.7421875,0
2024-02-16,73616.0625,73945.953125,73218.4375,73218.4375,0
2024-02-19,73580.8828125,73799.3828125,73157.6796875,73616.0625,0
2024-02-20,72946.0078125,73580.8828125,72700.21875,73580.8828125,0
2024-02-21,73029.609375,73162.2890625,72547.3984375,72946.0078125,0
2024-02-22,74112.7421875,74211.078125,73029.609375,73029.609375,0
2024-02-23,74213.390625,74431.96875,73799.203125,74112.7421875,0
2024-02-26,73621.2421875,74213.390625,73333.078125,74213.390625,0
2024-02-27,73142.109375,73621.2421875,73029.7421875,73621.2421875,0
2024-02-28,72204.53125,73142.109375,72197.5625,73142.109375,0
2024-02-29,72729.7265625,72879.6328125,72204.53125,72204.53125,0
2024-03-01,72775.4921875,72931.71875,72343.6328125,72729.7265625,0
2024-03-04,72633.1484375,73707.6171875,72597.421875,72775.4921875,0
2024-03-05,72241.71875,72633.1484375,72104.4765625,72633.1484375,0
2024-03-06,73578.1796875,73578.1796875,72241.71875,72241.71875,0
2024-03-07,73604.109375,73604.109375,72999.4375,73578.1796875,0
2024-03-08,73717.78125,73895.59375,73353.9609375,73604.109375,0
2024-03-11,73481.7421875,73717.78125,73135.1015625,73717.78125,0
2024-03-12,73484.5625,74437.3984375,73409.3671875,73481.7421875,0
2024-03-13,74258.6328125,74258.6328125,73222.1875,73484.5625,0
2024-03-14,73340.703125,74301.5078125,73268.28125,74258.6328125,0
2024-03-15,72990.703125,73353.78125,72933.640625,73340.703125,0
2024-03-18,72430.4609375,73509.75,72328.8828125,72990.703125,0
2024-03-19,71868.0703125,72445.6875,71663.25,72430.4609375,0
2024-03-20,72419.703125,72495.359375,71868.0703125,71868.0703125,0
2024-03-22,73254.1875,73330.6796875,72419.703125,72419.703125,0
2024-03-25,73282.8984375,73493.34375,72874.390625,73254.1875,0
2024-03-26,73608.0703125,73692.96875,73062.7109375,73282.8984375,0
2024-03-27,73909.46875,74053.6015625,73472.6484375,73608.0703125,0
2024-03-28,74535.9921875,74535.9921875,73909.46875,73909.46875,0
2024-04-02,74429.4765625,74962.15625,74226.46875,74535.9921875,0
2024-04-03,74097.9296875,74429.4765625,73765.5,74429.4765625,0
2024-04-04,75372.9765625,75412.671875,74097.9296875,74097.9296875,0
2024-04-05,74774.71875,75372.9765625,74322.421875,75372.9765625,0
2024-04-08,75334.921875,75395.7734375,74718.828125,74774.71875,0
2024-04-09,75486.921875,75905.7265625,75258.109375,75334.921875,0
2024-04-10,75520.3671875,76146.4921875,74837.703125,75486.921875,0
2024-04-11,75303.25,75744.75,74894.0,75520.3671875,0
2024-04-12,75311.7578125,75925.96875,75081.9609375,75303.25,0
2024-04-15,74518.6328125,75311.7578125,74460.546875,75311.7578125,0
2024-04-16,72999.6015625,74518.6328125,72855.078125,74518.6328125,0
2024-04-17,72995.1796875,73526.3984375,72745.0625,72999.6015625,0
2024-04-18,73271.4296875,73487.359375,72797.4296875,72995.1796875,0
2024-04-19,73363.5625,73375.5234375,72534.671875,73271.4296875,0
2024-04-22,73551.1171875,73870.6796875,73363.5625,73363.5625,0
2024-04-23,74010.828125,74177.640625,73539.828125,73551.1171875,0
2024-04-24,74513.9296875,74730.34375,74010.828125,74010.828125,0
2024-04-25,74329.3671875,74787.65625,73790.5234375,74513.9296875,0
2024-04-26,75370.9921875,75576.828125,74329.3671875,74329.3671875,0
2024-04-29,76456.1484375,76472.21875,75370.9921875,75370.9921875,0
2024-04-30,76076.171875,76671.7421875,76076.171875,76456.1484375,0
2024-05-02,76046.8515625,76842.078125,75978.3125,76076.171875,0
2024-05-03,76428.328125,76978.046875,76046.8515625,76046.8515625,0
2024-05-06,76776.453125,77333.8203125,76428.328125,76428.328125,0
2024-05-07,76929.4765625,77159.0234375,76776.453125,76776.453125,0
2024-05-08,77177.4296875,77230.3515625,76673.109375,76929.4765625,0
2024-05-09,77539.1484375,77573.0234375,76864.0078125,77177.4296875,0
2024-05-10,78464.21875,78777.7265625,77539.1484375,77539.1484375,0
2024-05-13,78686.890625,78860.8671875,78365.0390625,78464.21875,0
2024-05-14,78632.578125,79023.03125,78383.7421875,78686.890625,0
2024-05-15,79361.5703125,79574.1875,78632.578125,78632.578125,0
2024-05-16,79508.9765625,79755.0078125,79361.5703125,79361.5703125,0
2024-05-17,79530.6328125,79737.0625,78970.421875,79508.9765625,0
2024-05-20,80072.9921875,80213.65625,79530.6328125,79530.6328125,0
2024-05-21,79808.0703125,80072.9921875,79379.8671875,80072.9921875,0
2024-05-22,79492.5703125,80094.4609375,79486.7265625,79808.0703125,0
2024-05-23,78956.0703125,80025.1484375,78956.0703125,79492.5703125,0
2024-05-24,79150.84375,79399.359375,78426.15625,78956.0703125,0
2024-05-27,78920.8828125,79358.0234375,78920.8828125,79150.84375,0
2024-05-28,78576.140625,79253.3203125,78540.2421875,78920.8828125,0
2024-05-30,77161.7109375,78576.140625,76795.8515625,78576.140625,0
2024-05-31,76704.2578125,77323.53125,76653.3984375,77161.7109375,0
2024-06-03,77746.2265625,77809.6484375,76704.2578125,76704.2578125,0
2024-06-04,76832.7421875,77854.5234375,76832.7421875,77746.2265625,0
2024-06-05,76829.1328125,77207.6484375,76533.1015625,76832.7421875,0
2024-06-06,77123.640625,77409.7578125,76790.0234375,76829.1328125,0
2024-06-07,76851.78125,77387.078125,76630.65625,77123.640625,0
2024-06-10,76188.15625,76851.78125,76036.5703125,76851.78125,0
2024-06-11,76077.296875,76387.5078125,75753.4375,76188.15625,0
2024-06-12,77050.796875,77271.1875,76077.296875,76077.296875,0
2024-06-13,76382.0234375,77050.796875,76347.6796875,77050.796875,0
2024-06-14,77053.78125,77635.6171875,76349.2734375,76382.0234375,0
2024-06-18,79748.828125,80013.703125,77053.78125,77053.78125,0
2024-06-19,80713.71875,81364.390625,79748.828125,79748.828125,0
2024-06-20,80073.046875,81067.609375,80007.53125,80713.71875,0
2024-06-21,79767.5625,80548.65625,79664.203125,80073.046875,0
2024-06-24,80263.140625,80671.2421875,79767.5625,79767.5625,0
2024-06-25,79577.5703125,80263.140625,79385.7578125,80263.140625,0
2024-06-26,79252.390625,80148.703125,79237.2578125,79577.5703125,0
2024-06-27,78969.328125,79254.7109375,78684.40625,79252.390625,0
2024-06-28,79707.109375,80131.5,78966.0078125,78969.328125,0
2024-07-01,79853.828125,80581.9609375,79707.109375,79707.109375,0
2024-07-02,79435.1171875,79990.640625,79043.6484375,79853.828125,0
2024-07-03,80772.78125,81032.546875,79435.1171875,79435.1171875,0
2024-07-04,81155.28125,81456.390625,80772.78125,80772.78125,0
2024-07-05,80797.3828125,81289.5234375,80665.6875,81155.28125,0
2024-07-08,80783.5078125,80954.4921875,80438.71875,80797.3828125,0
2024-07-09,80620.0234375,80900.3515625,80306.3515625,80783.5078125,0
2024-07-10,80445.3125,80660.2265625,80280.03125,80620.0234375,0
2024-07-11,81093.9921875,81105.4609375,80445.3125,80445.3125,0
2024-07-12,81686.4921875,81792.546875,81093.9921875,81093.9921875,0
2024-07-15,82154.0703125,82154.0703125,81058.3515625,81686.4921875,0
2024-07-16,81124.078125,82154.0703125,80973.3203125,82154.0703125,0
2024-07-17,80452.578125,81124.078125,80452.578125,81124.078125,0
2024-07-18,80334.2578125,81007.5625,80301.671875,80452.578125,0
2024-07-19,79922.671875,79922.671875,79488.3984375,79831.15625,0
2024-07-22,80492.09375,80679.53125,79922.671875,79922.671875,0
2024-07-23,80706.4375,80869.40625,79879.8671875,80492.09375,0
2024-07-24,80595.140625,80816.3203125,80366.7734375,80706.4375,0
2024-07-25,80678.203125,80678.203125,79516.2890625,80595.140625,0
2024-07-26,81120.5078125,81253.0625,80640.0078125,80678.203125,0
2024-07-29,81011.6484375,81542.0703125,80957.8203125,81120.5078125,0
2024-07-30,81198.640625,81374.828125,80697.1015625,81011.6484375,0
2024-07-31,82765.1171875,82765.1171875,81198.640625,81198.640625,0
2024-08-01,81868.8203125,82881.4375,81799.9921875,82765.1171875,0
2024-08-02,80538.5703125,81868.8203125,80495.1171875,81868.8203125,0
2024-08-05,79577.609375,80538.5703125,78306.84375,80538.5703125,0
2024-08-06,79430.046875,79736.453125,78675.953125,79577.609375,0
2024-08-07,80364.859375,80405.4921875,79430.046875,79430.046875,0
2024-08-08,80739.3125,80853.421875,79503.9609375,80364.859375,0
2024-08-12,80560.78125,81034.59375,80398.390625,80739.3125,0
2024-08-13,80956.21875,80956.21875,80259.1875,80560.78125,0
2024-08-14,81402.3203125,81827.9921875,80740.1875,80956.21875,0
2024-08-15,82226.4296875,82868.6328125,81380.140625,81402.3203125,0
2024-08-16,82824.4375,83169.6796875,82226.4296875,82226.4296875,0
2024-08-19,83799.296875,83955.7578125,82824.4375,82824.4375,0
2024-08-20,83783.296875,84215.4296875,83651.8125,83799.296875,0
2024-08-21,84026.1796875,84197.2421875,83783.296875,83783.296875,0
2024-08-22,83620.8125,84800.5,83596.96875,84026.1796875,0
2024-08-23,84351.5703125,84663.6171875,83620.8125,83620.8125,0
2024-08-26,84193.953125,84520.65625,84073.90625,84351.5703125,0
2024-08-27,84553.5390625,84670.6875,84181.2265625,84193.953125,0
2024-08-28,84018.6484375,84639.2421875,83932.828125,84553.5390625,0
2024-08-29,84239.421875,84431.796875,83906.2265625,84018.6484375,0
2024-08-30,83749.859375,84462.5078125,83433.5703125,84239.421875,0
2024-09-02,83483.359375,83749.859375,83138.75,83749.859375,0
2024-09-03,82156.7578125,83603.1328125,82082.578125,83483.359375,0
2024-09-04,81915.3828125,82156.7578125,81616.828125,82156.7578125,0
2024-09-05,82146.828125,82244.53125,81398.34375,81915.3828125,0
2024-09-06,81364.890625,82146.828125,81364.890625,82146.828125,0
2024-09-09,81441.6328125,81975.2890625,81339.390625,81364.890625,0
2024-09-10,81641.8984375,81730.2421875,81150.0,81441.6328125,0
2024-09-11,80827.7890625,81641.8984375,80538.9375,81641.8984375,0
2024-09-12,81668.390625,82037.5,80827.7890625,80827.7890625,0
2024-09-13,81978.59375,82160.6796875,81668.390625,81668.390625,0
2024-09-16,82007.34375,82315.7734375,81715.2421875,81978.59375,0
2024-09-17,83032.7109375,83247.9609375,82007.34375,82007.34375,0
2024-09-18,82718.578125,83032.7109375,82151.3828125,83032.7109375,0
2024-09-19,83760.078125,84218.1796875,82718.578125,82718.578125,0
2024-09-20,83829.9921875,84395.9296875,83696.7578125,83760.078125,0
2024-09-23,84777.53125,84826.9921875,83719.4296875,83829.9921875,0
2024-09-25,85960.3203125,86197.109375,84777.53125,84777.53125,0
2024-09-26,87327.2109375,87802.5234375,85960.3203125,85960.3203125,0
2024-09-27,87579.7109375,87789.796875,86886.25,87327.2109375,0
2024-09-30,86548.421875,87782.3203125,86548.421875,87579.7109375,0
2024-10-01,86619.390625,87441.140625,86326.8671875,86548.421875,0
2024-10-02,87115.21875,87587.7265625,86619.390625,86619.390625,0
2024-10-03,86461.046875,87328.6171875,86092.6484375,87115.21875,0
2024-10-04,86332.421875,86970.578125,86243.6796875,86461.046875,0
2024-10-07,86308.921875,86655.7421875,86166.8515625,86332.421875,0
2024-10-08,85491.21875,86308.921875,84863.1328125,86308.921875,0
2024-10-09,85336.8515625,85491.21875,84677.53125,85491.21875,0
2024-10-10,85392.8203125,85627.25,85221.7109375,85336.8515625,0
2024-10-11,86149.453125,86279.28125,85321.078125,85392.8203125,0
2024-10-14,86398.65625,86587.828125,85849.34375,86149.453125,0
2024-10-15,85949.7734375,86398.65625,85528.2734375,86398.65625,0
2024-10-16,86393.0078125,86430.21875,85837.3125,85949.7734375,0
2024-10-17,86582.3515625,87037.2734375,86192.109375,86393.0078125,0
2024-10-18,87201.4921875,87467.859375,86582.3515625,86582.3515625,0
2024-10-21,87076.546875,87451.359375,86920.7890625,87201.4921875,0
2024-10-22,86752.8828125,87076.546875,86046.6875,87076.546875,0
2024-10-23,86464.1875,87023.2890625,86238.84375,86752.8828125,0
2024-10-24,86937.2421875,87353.53125,86464.1875,86464.1875,0
2024-10-25,87015.8125,87196.78125,86651.921875,86937.2421875,0
2024-10-28,87643.6484375,87753.4375,86761.3828125,87015.8125,0
2024-10-29,87300.96875,87883.8984375,86999.0625,87643.6484375,0
2024-10-30,86759.0390625,87300.96875,86394.5078125,87300.96875,0
2024-10-31,85384.8203125,86759.0390625,85254.9375,86759.0390625,0
2024-11-01,86198.5703125,86329.390625,85384.8203125,85384.8203125,0
2024-11-04,86223.6015625,86403.359375,86009.9765625,86198.5703125,0
2024-11-05,86642.859375,86642.859375,86168.71875,86223.6015625,0
2024-11-06,85329.75,86642.859375,85111.2890625,86642.859375,0
2024-11-07,85998.21875,86208.6796875,85329.75,85329.75,0
2024-11-08,85124.5234375,85998.21875,84918.203125,85998.21875,0
2024-11-11,84771.53125,85357.4609375,84771.53125,85124.5234375,0
2024-11-12,84201.75,84771.53125,83861.0390625,84771.53125,0
2024-11-13,83803.109375,84201.75,83784.171875,84201.75,0
2024-11-14,83834.3125,84145.671875,83432.4296875,83803.109375,0
2024-11-15,83872.7421875,84261.6484375,83605.9375,83834.3125,0
2024-11-18,84425.0,84606.9765625,83872.7421875,83872.7421875,0
2024-11-19,84526.75,85164.359375,84382.421875,84425.0,0
2024-11-20,85274.828125,85478.90625,84526.75,84526.75,0
2024-11-21,85522.5703125,85821.1171875,85257.6796875,85274.828125,0
2024-11-22,85608.46875,86100.5625,85418.5,85522.5703125,0
2024-11-25,84875.2421875,85851.7109375,84875.2421875,85608.46875,0
2024-11-26,85397.5,85414.1171875,84467.9921875,84875.2421875,0
2024-11-27,85102.34375,85696.03125,85024.7734375,85397.5,0
2024-11-28,84787.40625,85144.3515625,84720.7109375,85102.34375,0
2024-11-29,84510.4375,84937.2265625,84510.4375,84787.40625,0
2024-12-02,85731.5078125,85963.4609375,84510.4375,84510.4375,0
2024-12-03,85818.796875,86567.6328125,85658.25,85731.5078125,0
2024-12-04,86314.5078125,86598.296875,85818.796875,85818.796875,0
2024-12-05,86846.421875,87136.109375,86057.140625,86314.5078125,0
2024-12-06,86938.4375,87298.8515625,86753.9296875,86846.421875,0
2024-12-09,87642.7578125,87694.171875,86627.703125,86938.4375,0
2024-12-10,87271.046875,87642.7578125,86936.0078125,87642.7578125,0
2024-12-11,87115.953125,87271.046875,86616.6328125,87271.046875,0
2024-12-12,86965.3515625,87658.1484375,86881.8203125,87115.953125,0
2024-12-13,87129.6484375,87764.359375,86482.5078125,86965.3515625,0
2024-12-17,85746.0390625,87129.6484375,85746.0390625,87129.6484375,0
2024-12-18,85599.84375,86327.9765625,85338.609375,85746.0390625,0
2024-12-19,84465.3515625,85599.84375,84350.53125,85599.84375,0
2024-12-20,84603.2890625,84864.9765625,83776.7421875,84465.3515625,0
2024-12-23,84712.3203125,84932.5390625,84128.890625,84603.2890625,0
2024-12-24,84935.2734375,85211.28125,84712.3203125,84712.3203125,0
2024-12-27,84736.1796875,85243.8125,84413.8203125,84935.2734375,0
2024-12-30,83945.546875,84736.1796875,83776.15625,84736.1796875,0
2024-12-31,84095.140625,84486.0390625,83718.6796875,83945.546875,0
2025-01-02,84460.59375,84905.2578125,84040.71875,84095.140625,0
2025-01-03,84711.796875,84894.9296875,83958.4375,84460.59375,0
2025-01-06,84745.5234375,85419.859375,84537.421875,84711.796875,0
2025-01-07,84141.5390625,84745.5234375,83988.046875,84745.5234375,0
2025-01-08,83152.5625,84286.7734375,83076.53125,84141.5390625,0
2025-01-09,83698.3203125,83950.4375,83152.5625,83152.5625,0
2025-01-10,83466.578125,84174.2109375,83397.1875,83698.3203125,0
2025-01-13,82045.796875,83466.578125,81784.953125,83466.578125,0
2025-01-14,82123.890625,82829.4296875,82045.796875,82045.796875,0
2025-01-15,83515.2890625,83623.046875,82123.890625,82123.890625,0
2025-01-16,83658.71875,84302.3828125,83380.078125,83515.2890625,0
2025-01-17,84700.4375,84700.4375,83576.2578125,83658.71875,0
2025-01-20,84733.171875,85232.453125,84532.8203125,84700.4375,0
2025-01-21,84845.84375,85092.7578125,84486.6875,84733.171875,0
2025-01-22,84654.640625,85303.3984375,84650.328125,84845.84375,0
2025-01-23,83944.0703125,84654.640625,83861.6328125,84654.640625,0
2025-01-24,84290.9921875,84964.859375,83944.0703125,83944.0703125,0
2025-01-27,84187.65625,84290.9921875,83480.796875,84290.9921875,0
2025-01-28,84447.75,84651.703125,83886.15625,84187.65625,0
2025-01-29,85314.7265625,85472.71875,84447.75,84447.75,0
2025-01-30,85685.4921875,85741.578125,85241.078125,85314.7265625,0
2025-01-31,85956.6484375,86126.7734375,85685.4921875,85685.4921875,0
2025-02-03,85490.140625,85956.6484375,84743.296875,85956.6484375,0
2025-02-04,86452.6328125,86531.84375,85490.140625,85490.140625,0
2025-02-05,86610.703125,86965.9921875,86452.6328125,86452.6328125,0
2025-02-06,87191.21875,87555.0234375,86585.5625,86610.703125,0
2025-02-07,87474.4921875,87872.046875,87191.21875,87191.21875,0
2025-02-10,87765.359375,87956.328125,87448.25,87474.4921875,0
2025-02-11,87562.7421875,87866.359375,87347.8203125,87765.359375,0
2025-02-12,87942.1796875,88525.03125,87562.7421875,87562.7421875,0
2025-02-13,87841.4609375,88643.75,87742.03125,87942.1796875,0
2025-02-14,88717.1328125,89008.2109375,87841.4609375,87841.4609375,0
2025-02-17,88399.5703125,89031.4296875,88033.0,88717.1328125,0
2025-02-18,89061.671875,89198.8203125,88399.5703125,88399.5703125,0
2025-02-19,88341.890625,89253.7265625,88341.890625,89061.671875,0
2025-02-20,88873.328125,88953.9375,88261.9609375,88341.890625,0
2025-02-21,88913.8125,89185.8125,88751.6796875,88873.328125,0
2025-02-24,87423.2734375,88913.8125,87423.2734375,88913.8125,0
2025-02-25,87753.7890625,88058.6015625,87067.0625,87423.2734375,0
2025-02-26,88321.7578125,88466.09375,87753.7890625,87753.7890625,0
2025-02-27,87325.3515625,88378.0390625,87325.3515625,88321.7578125,0
2025-02-28,85942.7109375,87325.3515625,85942.7109375,87325.3515625,0
2025-03-03,87564.8203125,87848.5234375,85942.7109375,85942.7109375,0
2025-03-04,86730.8203125,87564.8203125,86634.3203125,87564.8203125,0
2025-03-05,87717.578125,88113.96875,86730.8203125,86730.8203125,0
2025-03-06,88260.078125,88930.3125,87717.578125,87717.578125,0
2025-03-07,88570.15625,88603.0,87713.90625,88260.078125,0
2025-03-10,87291.390625,88570.15625,87291.390625,88570.15625,0
2025-03-11,87091.0390625,87752.5625,86951.078125,87291.390625,0
2025-03-12,86853.8125,87472.921875,86821.328125,87091.0390625,0
2025-03-13,87067.75,87300.4375,86703.328125,86853.8125,0
2025-03-14,87916.4609375,88178.28125,87067.75,87067.75,0
2025-03-17,88525.1015625,88547.9296875,87692.8203125,87916.4609375,0
2025-03-18,88893.109375,89639.09375,88525.1015625,88525.1015625,0
2025-03-19,90149.6875,90464.390625,88876.0,88893.109375,0
2025-03-20,89518.75,90264.1328125,89395.7578125,90149.6875,0
2025-03-24,88985.609375,89781.453125,88958.9609375,89518.75,0
2025-03-25,89713.0390625,89773.328125,88822.90625,88985.609375,0
2025-03-26,89926.53125,90310.7109375,89622.15625,89713.0390625,0
2025-03-27,89897.640625,89994.03125,89261.2890625,89926.53125,0
2025-03-28,89572.578125,90154.1875,89360.7734375,89897.640625,0
2025-03-31,88637.453125,89572.578125,88595.9921875,89572.578125,0
2025-04-01,89950.7890625,90219.421875,88637.453125,88637.453125,0
2025-04-02,89105.7421875,90028.78125,88736.0078125,89950.7890625,0
2025-04-03,86082.5234375,89105.7421875,85074.3125,89105.7421875,0
2025-04-04,81553.65625,86082.5234375,80868.8671875,86082.5234375,0
2025-04-07,82161.5234375,83629.390625,77165.0,81553.65625,0
2025-04-08,84227.34375,84693.453125,81303.7421875,82161.5234375,0
2025-04-09,82485.8125,84227.34375,81923.5390625,84227.34375,0
2025-04-10,86041.5390625,86704.453125,82485.8125,82485.8125,0
2025-04-11,86406.4609375,86919.7109375,85648.203125,86041.5390625,0
2025-04-14,88717.109375,88717.109375,86406.4609375,86406.4609375,0
2025-04-15,89521.796875,89631.7265625,88263.7890625,88717.109375,0
2025-04-16,89696.6875,90534.359375,89407.046875,89521.796875,0
2025-04-17,89486.7890625,89936.7421875,89216.0390625,89696.6875,0
2025-04-22,89912.0,90867.46875,89486.7890625,89486.7890625,0
2025-04-23,89846.8125,90868.7109375,89652.3125,89912.0,0
2025-04-24,90552.7734375,90647.953125,89485.71875,89846.8125,0
2025-04-25,90720.328125,91155.3671875,90552.7734375,90552.7734375,0
2025-04-29,91311.1484375,91447.7109375,90720.328125,90720.328125,0
2025-04-30,91583.390625,91954.4375,91201.5078125,91311.1484375,0
2025-05-02,92332.59375,92702.796875,91408.2734375,91583.390625,0
2025-05-05,92063.0625,92596.5390625,91831.609375,92332.59375,0
2025-05-06,92027.5078125,92653.2890625,91004.453125,92063.0625,0
2025-05-07,91496.59375,92412.9375,91478.34375,92027.5078125,0
2025-05-08,90890.078125,91857.578125,90890.078125,91496.59375,0
2025-05-09,91861.2109375,92041.65625,90890.078125,90890.078125,0
2025-05-12,92170.828125,92992.109375,91861.2109375,91861.2109375,0
2025-05-13,92638.796875,92674.046875,91980.8671875,92170.828125,0
2025-05-14,92473.9765625,93072.0234375,92295.1328125,92638.796875,0
2025-05-15,92338.4375,92563.328125,91686.9609375,92473.9765625,0
2025-05-16,92618.546875,92618.546875,92084.640625,92338.4375,0
2025-05-19,92492.109375,92696.703125,91753.140625,92618.546875,0
2025-05-20,92763.21875,92763.21875,92172.75,92492.109375,0
2025-05-21,93397.4375,93827.390625,92763.21875,92763.21875,0
2025-05-22,93135.109375,93397.4375,92490.40625,93397.4375,0
2025-05-23,93528.7421875,93994.1171875,92835.75,93135.109375,0
2025-05-26,93724.3125,94203.953125,93492.609375,93528.7421875,0
2025-05-27,93764.1484375,93965.078125,93079.4609375,93724.3125,0
2025-05-28,93868.8671875,94315.71875,93590.328125,93764.1484375,0
2025-05-29,94726.1171875,94963.40625,93868.8671875,93868.8671875,0
2025-05-30,94330.84375,95055.96875,94184.6875,94726.1171875,0
2025-06-02,95162.328125,95162.328125,94256.84375,94290.328125,0
2025-06-03,94882.296875,95162.328125,94545.8671875,95162.328125,0
2025-06-04,95650.15625,95882.3984375,94882.296875,94882.296875,0
2025-06-05,96411.7734375,96776.84375,95650.15625,95650.15625,0
2025-06-06,96366.078125,96901.34375,96336.0078125,96411.7734375,0
2025-06-09,96413.4765625,96774.75,96310.890625,96366.078125,0
2025-06-10,96657.0,97055.1171875,96407.34375,96413.4765625,0
2025-06-11,96404.140625,97094.28125,96053.15625,96657.0,0
2025-06-12,97029.34375,97182.75,96134.15625,96404.140625,0
2025-06-13,95324.34375,97029.34375,95324.34375,97029.34375,0
2025-06-17,94657.0703125,95453.03125,94382.9296875,95324.34375,0
2025-06-18,94992.8125,95182.8203125,94013.921875,94657.0703125,0
2025-06-19,94914.703125,94992.8125,94047.46875,94992.8125,0
2025-06-20,94710.4765625,95527.609375,94710.4765625,94914.703125,0
2025-06-23,95128.203125,95145.53125,94220.84375,94710.4765625,0
2025-06-24,95887.03125,96100.7734375,95128.203125,95128.203125,0
2025-06-25,95311.21875,96526.09375,94905.640625,95887.03125,0
2025-06-26,95968.2578125,96315.7265625,95311.21875,95311.21875,0
2025-06-27,95862.28125,96010.7265625,95342.0,95968.2578125,0
2025-06-30,96429.7421875,96706.28125,95862.28125,95862.28125,0
2025-07-01,96911.3515625,97300.390625,96429.7421875,96429.7421875,0
2025-07-02,96609.3671875,97178.546875,95962.0078125,96911.3515625,0
2025-07-03,96937.03125,97284.25,96609.3671875,96609.3671875,0
2025-07-04,97182.7109375,97186.578125,96711.90625,96937.03125,0
2025-07-07,97363.359375,97375.1328125,96461.8984375,97182.7109375,0
2025-07-08,97255.7421875,97878.8125,97167.8203125,97363.359375,0
2025-07-09,97230.0234375,97583.3828125,96888.3203125,97255.7421875,0
2025-07-10,97364.4609375,98140.3203125,97230.0234375,97230.0234375,0
2025-07-11,97221.578125,97819.0703125,96703.6015625,97364.4609375,0
2025-07-14,96799.65625,97459.640625,96685.296875,97221.578125,0
2025-07-15,97019.359375,97653.6328125,96799.65625,96799.65625,0
2025-07-16,97064.25,97194.1328125,96484.390625,97019.359375,0
2025-07-17,97353.34375,97374.640625,97001.6171875,97064.25,0
2025-07-18,98687.0703125,98867.3828125,97353.34375,97353.34375,0
2025-07-21,99653.78125,99658.140625,98687.0703125,98687.0703125,0
2025-07-22,99324.53125,99653.78125,98822.953125,99653.78125,0
2025-07-23,99189.30989583333,99324.53125,179.8000030517578,99324.53125,0
2025-07-24,99054.08854166667,99971.1171875,179.8000030517578,179.8000030517578,0
2025-07-25,98918.8671875,99971.1171875,98848.1796875,99971.1171875,0
2025-07-28,98696.390625,99402.2421875,98482.8671875,98918.8671875,0
2025-07-29,99165.0625,99456.2578125,98692.3125,98696.390625,0
2025-07-30,99314.703125,99430.7265625,98827.328125,99165.0625,0
2025-07-31,98519.5078125,99358.8984375,98519.5078125,99314.703125,0
2025-08-01,97744.1484375,98519.5078125,97010.46875,98519.5078125,0
2025-08-04,99312.0625,99312.0625,97744.1484375,97744.1484375,0
2025-08-05,99674.1015625,100092.1015625,99312.1015625,99312.1015625,0
2025-08-06,100152.796875,100347.296875,99674.1015625,99674.1015625,0
2025-08-07,100643.3984375,100962.8984375,100152.796875,100152.796875,0
2025-08-08,100855.203125,101058.5,100603.703125,100643.3984375,0
2025-08-11,100630.3984375,101090.1015625,100254.8984375,100855.203125,0
2025-08-12,101271.203125,101386.5,100630.3984375,100630.3984375,0
2025-08-13,102278.3984375,102639.6015625,101271.203125,101271.203125,0
2025-08-14,101993.0,102553.3984375,101530.0,102278.3984375,0
2025-08-15,101950.296875,102462.703125,101792.3984375,101993.0,0
2025-08-18,101142.6015625,102296.5,101142.6015625,101950.296875,0
2025-08-19,101196.1015625,101727.296875,100898.1015625,101142.6015625,0
2025-08-20,101055.8984375,101196.1015625,100640.296875,101196.1015625,0
2025-08-21,101750.5,101866.6015625,101055.8984375,101055.8984375,0
2025-08-22,102723.5,102723.5,101750.5,101750.5,0
2025-08-25,102978.5,103266.0,102723.5,102723.5,0
2025-08-26,102433.203125,102978.5,102157.296875,102978.5,0
2025-08-27,102006.796875,102433.203125,101725.296875,102433.203125,0
2025-08-28,101858.8984375,102625.1015625,101658.6015625,102006.796875,0
2025-08-29,101835.6015625,102110.703125,101398.3984375,101858.8984375,0
2025-09-01,101899.0,102741.703125,101835.6015625,101835.6015625,0
2025-09-02,101167.203125,102405.1015625,100589.296875,101899.0,0
2025-09-03,101514.8984375,101887.5,100586.203125,101167.203125,0
2025-09-04,100433.0,101540.203125,100433.0,101514.8984375,0
2025-09-05,101532.296875,102173.6015625,100433.0,100433.0,0
2025-09-08,102771.796875,102771.796875,101532.296875,101532.296875,0
2025-09-09,103227.703125,103759.796875,102771.796875,102771.796875,0
2025-09-10,103587.703125,103659.796875,103131.1015625,103227.703125,0
2025-09-11,103927.3984375,104081.8984375,102800.8984375,103587.703125,0
2025-09-12,104458.3984375,104613.8984375,103927.3984375,103927.3984375,0
2025-09-15,104675.3984375,104754.0,104093.5,104458.3984375,0
2025-09-16,104885.0,105486.796875,104644.5,104675.3984375,0
2025-09-17,105367.8984375,105446.0,104257.5,104885.0,0
2025-09-18,105422.796875,105898.8984375,104504.796875,105367.8984375,0
2025-09-19,106110.796875,106110.796875,104983.8984375,105422.796875,0
2025-09-22,105963.1015625,106968.1015625,105594.796875,106110.796875,0
2025-09-23,106693.203125,106828.296875,105963.1015625,105963.1015625,0
2025-09-25,105803.203125,106693.203125,105647.796875,106693.203125,0
2025-09-26,106700.1015625,106893.796875,105566.0,105803.203125,0
2025-09-29,107243.6015625,107914.8984375,106700.1015625,106700.1015625,0
2025-09-30,107940.5,108110.3984375,106750.3984375,107243.6015625,0
2025-10-01,108649.796875,109157.0,107830.703125,107940.5,0
2025-10-02,108089.8984375,109472.796875,107984.8984375,108649.796875,0
2025-10-03,109778.1015625,109778.1015625,108089.8984375,108089.8984375,0
2025-10-06,109925.8984375,110350.0,109497.5,109778.1015625,0
2025-10-07,109448.8984375,109949.0,109205.703125,109925.8984375,0
2025-10-08,110970.703125,110970.703125,109448.8984375,109448.8984375,0
2025-10-09,110243.296875,111467.703125,110241.5,110970.703125,0
2025-10-10,110022.796875,110304.3984375,108880.5,110243.296875,0
2025-10-13,111028.796875,111120.6015625,110022.796875,110022.796875,0
2025-10-14,110875.3984375,111028.796875,109986.1015625,111028.796875,0
2025-10-15,111634.6015625,112216.6015625,110875.3984375,110875.3984375,0
2025-10-16,113024.1015625,113196.796875,111634.6015625,111634.6015625,0
2025-10-17,110736.1015625,113024.1015625,110736.1015625,113024.1015625,0
2025-10-20,111325.703125,111618.6015625,110493.5,110736.1015625,0
2025-10-21,108902.0,111389.5,108508.296875,111325.703125,0
2025-10-22,108837.1015625,109654.8984375,107637.5,108902.0,0
2025-10-23,110742.703125,110742.703125,108837.1015625,108837.1015625,0
2025-10-24,110443.703125,111223.203125,109472.8984375,110742.703125,0
2025-10-27,108707.296875,111128.0,108678.8984375,110443.703125,0
2025-10-28,109818.5,110033.5,108049.8984375,108707.296875,0
2025-10-29,110371.296875,111466.5,109762.6015625,109818.5,0
2025-10-30,109669.796875,110371.296875,109095.0,110371.296875,0
2025-10-31,109243.6015625,109884.3984375,109201.296875,109669.796875,0
2025-11-03,109080.8984375,109915.1015625,108624.0,109243.6015625,0
2025-11-04,107381.8984375,109080.8984375,106789.703125,109080.8984375,0
2025-11-05,108795.8984375,108801.703125,107008.203125,107381.8984375,0
2025-11-06,110100.5,110342.8984375,108795.8984375,108795.8984375,0
2025-11-07,108846.3984375,110100.5,108287.796875,110100.5,0
2025-11-10,110841.6015625,111239.3984375,108846.3984375,108846.3984375,0
2025-11-11,111187.203125,111791.3984375,110841.6015625,110841.6015625,0
2025-11-12,112908.5,112947.8984375,111187.203125,111187.203125,0
2025-11-13,114045.5,115716.5,112908.5,112908.5,0
2025-11-14,111973.203125,114045.5,110793.703125,114045.5,0
2025-11-17,112314.203125,112581.0,111712.796875,111973.203125,0
2025-11-18,110391.8984375,112314.203125,109870.8984375,112314.203125,0
2025-11-19,112019.296875,112019.296875,110391.8984375,110391.8984375,0
2025-11-20,111896.796875,112876.8984375,111640.3984375,112019.296875,0
2025-11-21,109641.296875,111896.796875,108263.5,111896.796875,0
2025-11-24,110015.3984375,110756.1015625,109017.3984375,109641.296875,0
2025-11-25,110295.203125,110898.296875,109222.5,110015.3984375,0
2025-11-26,111861.703125,112328.203125,110295.203125,110295.203125,0
2025-11-27,110567.8984375,112562.8984375,110561.8984375,111861.703125,0
2025-11-28,110958.5,111616.296875,110458.3984375,110567.8984375,0
2025-12-01,111947.8984375,111947.8984375,110147.6015625,110958.5,0
2025-12-02,110836.8984375,111947.8984375,110836.8984375,111947.8984375,0
2025-12-03,111332.703125,111622.5,110272.296875,110836.8984375,0
2025-12-04,110924.703125,111383.296875,110546.6015625,111332.703125,0
2025-12-05,112479.8984375,112479.8984375,110924.703125,110924.703125,0
2025-12-08,110827.3984375,112594.703125,110790.1015625,112479.8984375,0
2025-12-09,110730.6015625,110827.3984375,110005.296875,110827.3984375,0
2025-12-10,111042.8984375,111115.6015625,110730.6015625,110730.6015625,0
2025-12-11,112123.6015625,112525.703125,111042.8984375,111042.8984375,0
2025-12-12,113301.796875,114312.8984375,112123.6015625,112123.6015625,0
2025-12-15,112863.0,113672.203125,112619.703125,113301.796875,0
2025-12-17,114044.1015625,114302.8984375,112863.0,112863.0,0
2025-12-18,114515.796875,115286.5,113744.3984375,114044.1015625,0
2025-12-19,114849.8984375,115143.703125,113452.5,114515.796875,0
2025-12-22,115909.6015625,116328.8984375,114849.8984375,114849.8984375,0
2025-12-23,116602.5,116855.8984375,115909.6015625,115909.6015625,0
2025-12-24,117085.5,117528.8984375,116602.5,116602.5,0
2025-12-29,116047.8984375,117427.703125,115980.0,117085.5,0
2025-12-30,116501.203125,117246.3984375,115974.1015625,116047.8984375,0
2025-12-31,115832.296875,116501.203125,115304.6015625,116501.203125,0
2026-01-02,116092.0,116925.703125,115748.6015625,115832.296875,0
2026-01-05,116582.703125,116715.3984375,115733.203125,116092.0,0
2026-01-06,118722.796875,119052.8984375,116395.3984375,116582.703125,0
2026-01-07,117922.5,118722.796875,117796.703125,118722.796875,0
2026-01-08,116989.296875,118035.1015625,116874.796875,117922.5,0
2026-01-09,118110.203125,118439.3984375,116989.296875,116989.296875,0
2026-01-12,120148.1015625,120148.1015625,118110.203125,118110.203125,0
2026-01-13,120964.3984375,120964.3984375,119805.796875,120148.1015625,0
2026-01-14,120856.796875,121629.796875,120536.296875,120964.3984375,0
2026-01-15,120870.1015625,121602.5,120509.5,120856.796875,0
2026-01-16,120169.703125,121041.796875,119758.203125,120870.1015625,0
2026-01-19,120116.3984375,120352.8984375,119649.203125,120169.703125,0
2026-01-20,120534.3984375,120671.1015625,119866.1015625,120116.3984375,0
2026-01-21,120781.0,121657.3984375,120534.3984375,120534.3984375,0
2026-01-22,121501.703125,122025.203125,120448.5,120781.0,0
2026-01-23,122281.296875,122683.203125,121434.296875,121501.703125,0
2026-01-26,124563.5,124563.5,122281.296875,122281.296875,0
2026-01-27,123419.6015625,124790.796875,123419.6015625,124563.5,0
2026-01-28,125069.203125,125473.703125,123419.6015625,123419.6015625,0
2026-01-29,125249.1015625,126936.6015625,125065.296875,125069.203125,0
2026-01-30,120045.703125,125249.1015625,120045.703125,125249.1015625,0
2026-02-02,118902.8984375,120045.703125,112738.796875,120045.703125,0
2026-02-03,120516.296875,121091.6015625,118902.8984375,118902.8984375,0
2026-02-04,120813.796875,121755.296875,120516.296875,120516.296875,0
2026-02-05,118539.8984375,120813.796875,117759.0,120813.796875,0
2026-02-06,120051.203125,120235.703125,117608.6015625,118539.8984375,0
2026-02-09,120276.796875,121057.0,119300.0,120051.203125,0
2026-02-10,120886.6015625,121264.6015625,119642.8984375,120276.796875,0
2026-02-11,121752.8984375,122194.8984375,120886.6015625,120886.6015625,0
2026-02-12,122213.3984375,122608.703125,121366.5,121752.8984375,0
2026-02-13,120584.1015625,122213.3984375,119905.6015625,122213.3984375,0
2026-02-16,120988.6015625,121552.3984375,120545.3984375,120584.1015625,0
2026-02-17,119410.0,120988.6015625,119410.0,120988.6015625,0
2026-02-18,122517.296875,122517.296875,119410.0,119410.0,0
2026-02-19,121844.6015625,123199.3984375,120909.1015625,122517.296875,0
2026-02-20,123022.0,123356.3984375,121844.6015625,121844.6015625,0
2026-02-23,125052.1015625,125304.203125,123022.0,123022.0,0
2026-02-24,125162.1015625,125294.6015625,124083.3984375,125052.1015625,0
2026-02-25,126742.3984375,127186.703125,125162.1015625,125162.1015625,0
2026-02-26,126583.796875,127467.0,126516.6015625,126742.3984375,0
2026-02-27,128455.703125,128781.0,126583.796875,126583.796875,0
2026-03-02,126991.0,129339.0,126571.6015625,128455.703125,0
2026-03-03,119962.796875,126991.0,119891.703125,126991.0,0
2026-03-04,121114.296875,122538.6015625,119962.796875,119962.796875,0
2026-03-05,120167.3984375,122284.1015625,119579.1015625,121114.296875,0
2026-03-06,116583.3984375,120760.8984375,116047.296875,120167.3984375,0
2026-03-09,116785.796875,117226.796875,115234.796875,116583.3984375,0
2026-03-10,119606.8984375,120689.5,116785.796875,116785.796875,0
2026-03-11,117398.5,119606.8984375,115746.703125,119606.8984375,0
2026-03-12,116948.3984375,118091.703125,115663.6015625,117398.5,0
2026-03-13,114924.203125,117078.796875,114924.203125,116948.3984375,0
2026-03-16,116562.296875,116981.8984375,114320.3984375,114924.203125,0
2026-03-17,117252.5,117350.796875,115774.8984375,116562.296875,0
2026-03-18,113709.796875,117701.796875,113126.203125,117252.5,0
2026-03-19,110572.1015625,113709.796875,108640.6015625,113709.796875,0
2026-03-20,110070.203125,113356.5,110070.203125,110572.1015625,0
2026-03-23,110460.1015625,111422.1015625,106178.703125,110070.203125,0
2026-03-24,110804.703125,111001.296875,109300.0,110460.1015625,0
2026-03-25,114312.703125,114762.296875,110804.703125,110804.703125,0
2026-03-26,112847.203125,114312.703125,111320.203125,114312.703125,0
2026-03-27,111778.0,113160.6015625,110301.296875,112847.203125,0
2026-03-30,112418.3984375,112511.8984375,111194.296875,111778.0,0
2026-03-31,114067.6015625,114314.0,112418.3984375,112418.3984375,0
2026-04-01,116600.3984375,117649.703125,114067.6015625,114067.6015625,0
2026-04-02,116122.796875,116600.3984375,113200.5,116600.3984375,0
2026-04-07,114967.703125,116122.796875,114153.1015625,116122.796875,0
2026-04-08,119524.1015625,122283.3984375,114967.703125,114967.703125,0
2026-04-09,118205.0,119524.1015625,117745.203125,119524.1015625,0
