Date,Financials,Resources,Industrials,Consumer Goods
2019-01-02,40406.26953125,27932.66015625,43395.171875,49021.58984375
2019-01-03,40985.55078125,28209.990234375,43877.7109375,48981.87109375
2019-01-04,41332.5,28280.140625,44619.69921875,49273.30859375
2019-01-07,41206.69140625,28302.970703125,44599.80078125,48565.6796875
2019-01-08,41161.80859375,28446.01953125,44689.53125,49551.78125
2019-01-09,41676.890625,28985.08984375,45220.05078125,50077.37890625
2019-01-10,42041.78125,28775.509765625,45523.12890625,50191.16015625
2019-01-11,42328.53125,28892.08984375,45911.4609375,50628.390625
2019-01-14,42293.4609375,28862.349609375,45912.80078125,50404.171875
2019-01-15,42486.640625,28736.01953125,45971.80859375,50150.80859375
2019-01-16,42899.171875,28369.509765625,46281.4296875,50155.2890625
2019-01-17,42477.30859375,28531.470703125,46172.23046875,50099.76953125
2019-01-18,42534.71875,28797.0390625,46103.4609375,50837.109375
2019-01-21,42466.76953125,28843.990234375,45886.3515625,51640.421875
2019-01-22,42632.359375,28743.5703125,45933.640625,51406.66015625
2019-01-23,42741.7109375,28826.66015625,46153.48828125,51490.51171875
2019-01-24,42937.859375,28603.880859375,45999.078125,50943.5703125
2019-01-25,43596.6015625,29114.689453125,46401.51171875,50405.66015625
2019-01-28,43083.62109375,29377.0703125,45786.421875,50017.73046875
2019-01-29,43652.73828125,29661.98046875,45861.421875,50119.80078125
2019-01-30,43437.83984375,30031.66015625,45564.359375,50553.71875
2019-01-31,43758.98046875,29695.970703125,46008.08984375,49388.41015625
2019-02-01,43611.55859375,29849.859375,45903.0,49876.69921875
2019-02-04,42729.8203125,29799.380859375,45086.44921875,49696.0703125
2019-02-05,43043.53125,30186.6796875,45558.23046875,50666.328125
2019-02-06,43289.26171875,30297.080078125,45884.890625,50993.51953125
2019-02-07,42678.98046875,30212.08984375,45438.94921875,50334.3203125
2019-02-08,42399.12109375,29762.8203125,44721.76953125,49546.578125
2019-02-11,42187.12109375,29839.060546875,44478.890625,50287.16015625
2019-02-12,42560.30859375,30062.5,44682.19921875,51089.05859375
2019-02-13,42725.890625,30955.599609375,44556.640625,53559.16015625
2019-02-14,42067.19140625,31179.470703125,44259.078125,53541.6796875
2019-02-15,41997.03125,31473.19921875,44288.76171875,53760.76953125
2019-02-18,42459.80078125,31824.30078125,44495.01171875,54073.109375
2019-02-19,42091.21875,32104.740234375,43899.58984375,54290.30078125
2019-02-20,42260.109375,32543.05078125,44544.78125,54701.53125
2019-02-21,42730.16015625,32223.509765625,45155.2109375,54427.03125
2019-02-22,42908.69921875,32510.240234375,45359.078125,54750.71875
2019-02-25,43025.71875,32119.08984375,45203.4296875,55163.6015625
2019-02-26,43271.75,32398.919921875,45649.8984375,55733.62890625
2019-02-27,43013.58984375,32842.98828125,45335.53125,55719.51171875
2019-02-28,42839.37109375,32405.060546875,44912.828125,55627.3515625
2019-03-01,42764.48828125,32536.5390625,45289.01171875,57168.28125
2019-03-04,42119.30859375,32370.080078125,45341.46875,56975.30078125
2019-03-05,41990.48828125,32189.7890625,44987.08984375,55232.609375
2019-03-06,42014.3203125,32319.240234375,44980.25,55394.01171875
2019-03-07,41652.55078125,32306.30078125,44606.37109375,55582.0703125
2019-03-08,41778.3203125,31995.220703125,44448.80078125,55554.23828125
2019-03-11,41243.69140625,32092.080078125,44040.171875,55330.05859375
2019-03-12,41614.55859375,32091.6796875,44261.03125,54930.12890625
2019-03-13,41230.1796875,32465.3203125,44033.828125,55329.9609375
2019-03-14,41239.98828125,32637.5,43912.66015625,55768.9609375
2019-03-15,41807.2890625,32494.80078125,44186.03125,56191.828125
2019-03-18,42041.44921875,33137.94921875,44187.2890625,56568.609375
2019-03-19,41466.3515625,33592.8984375,43852.26953125,57137.44921875
2019-03-20,40896.171875,33295.0703125,43199.76171875,56371.19921875
2019-03-22,40511.12890625,33339.37109375,42927.8515625,55670.5390625
2019-03-25,39987.91015625,32888.55859375,42469.05078125,55247.078125
2019-03-26,40156.4296875,33290.3984375,42521.5,55629.16015625
2019-03-27,40434.87890625,33644.6015625,42408.87890625,56187.46875
2019-03-28,40323.48046875,33470.05859375,41973.1484375,56534.01171875
2019-03-29,40891.671875,33420.94921875,42346.19140625,56466.48046875
2019-04-01,41865.0703125,33619.01953125,43429.9296875,56276.16015625
2019-04-02,41668.4609375,33780.23046875,43300.0703125,56372.26953125
2019-04-03,42214.23046875,34460.73046875,43720.01171875,55900.25
2019-04-04,42138.87890625,34018.80859375,43457.98046875,55749.51171875
2019-04-05,42103.55859375,34272.328125,43565.51953125,55147.671875
2019-04-08,41977.859375,34766.78125,43644.08984375,55019.30078125
2019-04-09,41858.2890625,34592.140625,43655.51953125,53567.51953125
2019-04-10,42498.44140625,34324.44140625,44282.55859375,53653.5703125
2019-04-11,42298.62890625,33942.859375,44199.73046875,54414.87890625
2019-04-12,42240.91015625,34086.890625,44440.44921875,54847.5703125
2019-04-15,42624.96875,33893.37890625,44727.94921875,55144.859375
2019-04-16,42971.87890625,34077.23046875,44873.19921875,55563.140625
2019-04-17,43152.6796875,33417.2109375,45019.7109375,56163.98046875
2019-04-18,43433.1015625,33535.1796875,45157.96875,56523.96875
2019-04-23,43143.921875,33976.6796875,45039.609375,56981.890625
2019-04-24,42520.921875,33597.0,44640.37890625,57210.8203125
2019-04-25,42556.51953125,33407.2890625,44898.609375,56137.109375
2019-04-26,42720.41015625,33186.359375,45134.76171875,55997.2109375
2019-04-29,42710.21875,32870.87109375,44666.359375,55845.421875
2019-04-30,42771.80078125,32655.33984375,44841.2890625,56114.05859375
2019-05-02,43416.98046875,32233.609375,45249.48046875,56051.4609375
2019-05-03,43793.5390625,32706.98046875,45796.05078125,56016.53125
2019-05-06,43685.26171875,32422.240234375,45422.80859375,55706.0
2019-05-07,43264.51171875,32202.7109375,44866.94921875,54776.53125
2019-05-09,42172.91015625,31327.359375,44007.98828125,54097.51171875
2019-05-10,43064.6015625,31164.4609375,44542.2109375,53948.73828125
2019-05-13,42875.0,30948.2890625,44584.421875,53595.55859375
2019-05-14,42856.390625,30878.849609375,44095.69140625,53323.41015625
2019-05-15,42615.69140625,30896.66015625,44139.73046875,53507.23046875
2019-05-16,42847.609375,31217.900390625,44083.26171875,53855.3203125
2019-05-17,42024.26171875,31362.8203125,43001.078125,55448.5390625
2019-05-20,42061.359375,31112.7890625,42906.3203125,55038.828125
2019-05-21,41585.94921875,31205.130859375,42677.69140625,55553.01171875
2019-05-22,41644.94921875,30527.30078125,42625.8203125,55659.3515625
2019-05-23,40635.1015625,30160.470703125,41888.6796875,55442.41015625
2019-05-24,40673.05078125,30387.720703125,42006.98046875,55629.71875
2019-05-27,40659.76171875,30541.970703125,42205.44921875,56073.0
2019-05-28,39833.91015625,31450.140625,41817.33984375,56406.69140625
2019-05-29,40551.8515625,31184.369140625,42373.9296875,55678.58984375
2019-05-30,41601.87109375,31354.140625,43062.6796875,55314.73046875
2019-05-31,41692.48828125,30970.44921875,43096.73046875,54944.0390625
2019-06-03,42126.0390625,31139.890625,43458.96875,55093.8984375
2019-06-04,41239.12890625,31779.869140625,42672.109375,57490.03125
2019-06-05,41426.87890625,32271.69921875,42946.83984375,59022.9296875
2019-06-06,41249.6015625,32424.490234375,42595.078125,59545.87109375
2019-06-07,41785.2109375,33140.890625,43043.30078125,60437.828125
2019-06-10,42502.3515625,32905.3203125,43242.2109375,59962.109375
2019-06-11,42630.3203125,33352.19921875,43041.08984375,60447.19140625
2019-06-12,42440.98828125,33731.921875,42474.78125,60520.8515625
2019-06-13,42139.87890625,34222.41015625,41972.08984375,60167.48046875
2019-06-14,41910.0390625,33735.890625,41803.94140625,59641.171875
2019-06-18,42510.53125,33537.578125,41958.87109375,59705.48828125
2019-06-19,42935.58984375,33308.51171875,42296.3984375,59704.01953125
2019-06-20,43299.01171875,33711.87109375,42367.30859375,59749.30078125
2019-06-21,43289.37890625,33857.859375,42444.44140625,59986.69140625
2019-06-24,42716.05078125,34112.80078125,41514.01953125,60466.76953125
2019-06-25,42471.01953125,34209.171875,41249.96875,59918.140625
2019-06-26,42577.58984375,34114.5703125,41396.91015625,59438.26953125
2019-06-27,42320.4296875,33953.328125,41389.19921875,59447.8203125
2019-06-28,42172.19140625,34116.44140625,41225.01953125,59331.26171875
2019-07-01,42240.19140625,33979.21875,41546.2109375,59231.0
2019-07-02,41813.9296875,33949.87890625,41459.37890625,59312.140625
2019-07-03,41574.58984375,33885.62109375,41442.05859375,59664.8203125
2019-07-04,41588.98828125,33524.71875,41707.46875,59944.53125
2019-07-05,41536.71875,32867.6015625,41696.1796875,60008.21875
2019-07-08,41706.19921875,33267.51953125,41648.390625,59991.28125
2019-07-09,41090.0390625,32826.16015625,41312.359375,59206.05859375
2019-07-10,41490.21875,33122.140625,41833.71875,58961.37890625
2019-07-11,41244.19140625,32619.330078125,41736.94921875,58883.7109375
2019-07-12,41363.48828125,32769.921875,42052.0703125,59184.80078125
2019-07-15,41269.05859375,32950.359375,41699.8203125,58570.73046875
2019-07-16,41797.5703125,33151.609375,42391.19140625,59325.5390625
2019-07-17,41206.6015625,33100.30859375,41702.1796875,60112.8984375
2019-07-18,41512.12890625,33143.30859375,41904.05859375,60868.5703125
2019-07-19,41639.6015625,33535.01171875,42017.7890625,61413.66015625
2019-07-22,41345.58984375,33451.41015625,41408.9609375,60944.76171875
2019-07-23,41589.19140625,33622.3203125,41466.01953125,61324.48046875
2019-07-24,41103.96875,32916.37109375,41034.98046875,60797.3515625
2019-07-25,40713.828125,32956.48828125,40419.8515625,61148.359375
2019-07-26,40213.8203125,32839.80078125,39831.1484375,62425.91015625
2019-07-29,40535.80078125,33091.2109375,40285.53125,62432.5703125
2019-07-30,39804.1015625,32720.630859375,39894.7109375,61156.23046875
2019-07-31,39385.05078125,32329.73046875,39651.73828125,61235.55859375
2019-08-01,39299.3203125,31823.51953125,39521.8515625,63048.87890625
2019-08-02,38868.66015625,31294.4609375,39348.78125,62332.609375
2019-08-05,38023.078125,31200.990234375,38462.94140625,59975.12890625
2019-08-06,38069.9609375,31194.7890625,38659.73828125,60069.12890625
2019-08-07,37815.48828125,31360.51953125,38402.359375,61076.3515625
2019-08-08,37522.26953125,31669.349609375,38169.7109375,61907.33984375
2019-08-12,37041.12109375,32119.439453125,37801.55859375,61797.33984375
2019-08-13,37027.44140625,31590.5390625,37827.96875,61162.078125
2019-08-14,36323.26953125,31213.779296875,37081.8515625,60249.58984375
2019-08-15,37014.44921875,30538.05078125,37294.21875,59363.640625
2019-08-16,37042.03125,30475.01953125,37590.05078125,59359.69140625
2019-08-19,37059.28125,31089.380859375,37353.01953125,60421.53125
2019-08-20,37058.23828125,30949.5,37271.1015625,60265.94921875
2019-08-21,37631.76953125,30811.359375,37875.21875,61205.3515625
2019-08-22,37309.7109375,30610.4609375,37604.3203125,60538.96875
2019-08-23,37165.05078125,30592.509765625,37413.890625,60309.05859375
2019-08-26,37021.5390625,30733.7109375,37055.16015625,59895.890625
2019-08-27,36821.078125,30904.759765625,36986.1015625,60050.51953125
2019-08-28,37102.2890625,31429.630859375,37391.73046875,59684.30859375
2019-08-29,36896.94921875,31594.220703125,37127.0390625,59916.4609375
2019-08-30,37875.69140625,32047.630859375,37907.2109375,59903.1484375
2019-09-02,37426.421875,31611.669921875,37647.55078125,58979.1484375
2019-09-03,37590.75,31364.369140625,37749.26171875,58317.75
2019-09-04,37725.0390625,30934.4296875,38078.76171875,58492.8515625
2019-09-05,38480.078125,31214.109375,38712.1484375,59121.3515625
2019-09-06,38855.16015625,31060.369140625,39087.75,59355.55859375
2019-09-09,38922.41015625,30954.080078125,39496.671875,60041.73828125
2019-09-10,38894.921875,30781.650390625,39639.80078125,59491.98828125
2019-09-11,39060.23828125,31221.48046875,40017.671875,60665.41015625
2019-09-12,39751.1484375,31466.9609375,40699.28125,60346.87109375
2019-09-13,40407.01953125,31665.80078125,40748.73046875,60417.7890625
2019-09-16,41556.96875,31812.58984375,41497.87890625,59623.171875
2019-09-17,40549.87109375,31624.400390625,40663.30078125,59559.19140625
2019-09-18,40687.3203125,31507.2109375,40252.73046875,57288.58984375
2019-09-19,40645.98828125,31437.83984375,40182.62109375,57673.109375
2019-09-20,39954.51171875,31833.9296875,39526.421875,58187.23046875
2019-09-23,39508.6484375,31578.55078125,39458.19921875,57033.51953125
2019-09-25,38772.76953125,31279.990234375,38947.5390625,56998.62890625
2019-09-26,39471.1796875,31335.16015625,39345.80078125,57221.19921875
2019-09-27,39198.21875,31406.439453125,39359.4296875,57699.0390625
2019-09-30,38672.98046875,31255.439453125,39309.9609375,58190.3984375
2019-10-01,38650.828125,31616.44921875,39011.640625,57672.78125
2019-10-02,38368.76953125,30983.4296875,38437.19921875,55903.62109375
2019-10-03,38250.5703125,30788.05078125,38778.76171875,54840.421875
2019-10-04,38705.30859375,30720.330078125,38911.33984375,54643.55078125
2019-10-07,38814.1015625,31459.08984375,39088.3203125,55446.8984375
2019-10-08,38499.71875,31492.5390625,38962.609375,55631.16015625
2019-10-09,38349.44921875,31540.76953125,39158.3984375,55462.890625
2019-10-10,38967.8984375,32093.560546875,39953.921875,55975.98828125
2019-10-11,39874.5,32334.19921875,40296.71875,55233.7109375
2019-10-14,39760.44921875,31807.400390625,40354.01171875,55454.44140625
2019-10-15,40102.87890625,31966.4609375,40365.19921875,56376.48828125
2019-10-16,40495.421875,32132.44921875,40851.5390625,56821.46875
2019-10-17,40486.4296875,31783.01953125,40940.140625,57038.46875
2019-10-18,40147.66015625,31853.919921875,40716.1015625,56495.80859375
2019-10-21,40514.44921875,32280.2109375,41219.12109375,56634.62890625
2019-10-22,40852.03125,31570.880859375,41657.1796875,56349.3203125
2019-10-23,40458.76171875,32065.25,41342.78125,56640.421875
2019-10-24,40148.58984375,32154.30078125,41243.1015625,56437.80078125
2019-10-25,39969.671875,32308.759765625,41078.48046875,56220.2109375
2019-10-28,40457.53125,32756.0703125,41216.98046875,57370.8984375
2019-10-29,40410.859375,32730.2109375,41267.94921875,57228.80078125
2019-10-30,39763.828125,33117.73046875,40934.7109375,59078.05078125
2019-10-31,39855.16015625,33505.5703125,40710.921875,59826.3203125
2019-11-01,39769.53125,33837.37890625,40848.828125,60172.1015625
2019-11-04,40437.12890625,33821.390625,41214.30859375,59885.01171875
2019-11-05,41105.01171875,33876.01171875,41733.73046875,59426.76953125
2019-11-06,41182.62109375,34214.23046875,41923.9296875,60030.66015625
2019-11-07,41151.23828125,34051.76171875,41713.91015625,59696.0
2019-11-08,40913.19140625,33469.3203125,41231.73828125,57576.2109375
2019-11-11,40731.94140625,33091.8203125,40978.21875,57090.078125
2019-11-12,40825.5703125,33252.6484375,40791.7890625,57073.51953125
2019-11-13,40525.8515625,33628.66015625,40696.21875,57386.19921875
2019-11-14,40540.9296875,33423.76171875,41026.5,57165.5
2019-11-15,40629.859375,33197.8203125,41236.8984375,56863.4296875
2019-11-18,40534.26953125,33416.51171875,41071.83984375,57896.609375
2019-11-19,41074.46875,33919.51171875,41517.4296875,58440.76953125
2019-11-20,41464.03125,33665.87109375,41570.859375,58284.37890625
2019-11-21,40781.421875,32967.0,41151.05078125,57920.12109375
2019-11-22,40666.05078125,33417.3203125,40678.12109375,58008.73828125
2019-11-25,40022.23828125,33743.671875,40337.05078125,58642.41015625
2019-11-26,39204.80078125,33691.328125,39290.51171875,58626.890625
2019-11-27,39541.609375,33736.98828125,39500.4609375,59105.12890625
2019-11-28,39152.6484375,33669.94921875,39238.328125,58717.21875
2019-11-29,39160.7109375,33208.328125,39188.05859375,58154.359375
2019-12-02,38711.6484375,33390.7109375,38613.7109375,57792.37109375
2019-12-03,38395.78125,33413.01953125,38286.2890625,57057.1015625
2019-12-04,38818.9609375,33661.01953125,38339.69921875,57155.140625
2019-12-05,38631.96875,33674.7109375,37688.26953125,57240.359375
2019-12-06,39065.6796875,33997.62890625,38020.3203125,57785.58984375
2019-12-09,38924.94921875,34103.578125,38009.91015625,57778.359375
2019-12-10,38637.5390625,34810.0703125,37651.69921875,58290.71875
2019-12-11,38763.4296875,35217.609375,38235.62109375,58166.26171875
2019-12-12,38790.75,35271.55078125,38324.5703125,58130.03125
2019-12-13,39777.3984375,35527.51953125,38959.51953125,58226.19921875
2019-12-17,39835.5390625,35896.08984375,39809.9296875,58432.5
2019-12-18,40407.2890625,35698.12890625,40009.0,58782.19140625
2019-12-19,40013.76953125,35563.66015625,40437.80078125,58360.01953125
2019-12-20,39609.26171875,35324.859375,40083.44140625,57919.48828125
2019-12-23,39547.9296875,34873.7109375,39518.6796875,58622.44140625
2019-12-24,39429.28125,35311.01171875,39760.609375,58611.33984375
2019-12-27,39578.16015625,35603.671875,40014.69140625,58453.921875
2019-12-30,39912.87109375,35648.890625,40069.23828125,58532.33984375
2019-12-31,39353.62109375,35521.33984375,39513.5703125,58020.21875
2020-01-02,39640.44140625,35813.578125,39690.6484375,59370.37109375
2020-01-03,39426.6484375,36213.3203125,39630.69140625,59195.3203125
2020-01-06,38629.71875,36078.2890625,38949.44140625,58622.66015625
2020-01-07,38737.53125,35899.87109375,38918.19140625,59694.2109375
2020-01-08,38678.0703125,36077.62109375,38666.66015625,59886.8515625
2020-01-09,38718.55859375,35469.078125,39612.19140625,59613.98046875
2020-01-10,38828.1484375,35605.3203125,39633.7890625,59624.671875
2020-01-13,38502.578125,35845.05078125,39454.94140625,60074.94921875
2020-01-14,39047.73046875,35641.80078125,39845.73046875,60418.30078125
2020-01-15,39118.8515625,35364.21875,39903.8984375,61152.48046875
2020-01-16,39096.6015625,35797.0703125,39761.1484375,60745.8984375
2020-01-17,38806.05078125,36601.3203125,40033.05078125,63057.4296875
2020-01-20,38538.421875,36798.51171875,39645.6484375,61523.4609375
2020-01-21,38456.12109375,35844.73828125,39320.80859375,60586.62109375
2020-01-22,38358.609375,35859.66015625,38950.25,60346.98828125
2020-01-23,38050.390625,34921.4609375,38428.828125,59337.7109375
2020-01-24,38273.26953125,34968.94921875,38560.2890625,59692.98046875
2020-01-27,37609.6015625,34045.7109375,37567.4609375,58697.37890625
2020-01-28,37418.80859375,33927.58984375,37532.48828125,58842.1015625
2020-01-29,37797.30078125,34146.46875,37771.91015625,58934.21875
2020-01-30,37938.62109375,34503.08984375,37663.94921875,58698.76171875
2020-01-31,37284.4609375,34283.75,37103.19921875,58789.578125
2020-02-03,37102.55078125,33807.37890625,37025.01171875,58526.4609375
2020-02-04,37648.4296875,34349.12109375,37059.55078125,59378.0390625
2020-02-05,38173.33984375,34685.80078125,37763.55078125,59732.98828125
2020-02-06,38423.23046875,34532.48046875,37913.69140625,60272.6484375
2020-02-07,38051.08984375,34375.828125,37919.1484375,60132.28125
2020-02-10,37789.9609375,33965.48046875,37551.44921875,60283.48046875
2020-02-11,37764.55078125,34112.1015625,37124.71875,59749.0
2020-02-12,38146.46875,34878.01171875,37567.23828125,60128.03125
2020-02-13,38055.76171875,35051.19140625,37683.1796875,59657.12109375
2020-02-14,38134.12890625,35080.26171875,37510.46875,59312.109375
2020-02-17,38203.62890625,35483.87109375,37411.6796875,59541.03125
2020-02-18,38022.69921875,35209.078125,36730.390625,58729.828125
2020-02-19,37974.73046875,35775.87109375,36470.73046875,58615.1796875
2020-02-20,37377.8203125,36049.5390625,35421.55078125,58809.01953125
2020-02-21,36901.890625,36009.16015625,34351.21875,58520.03125
2020-02-24,35512.73828125,34057.44140625,33245.25,56898.23046875
2020-02-25,35150.62890625,33949.62890625,32814.4609375,56979.37890625
2020-02-26,36458.58984375,33280.140625,33840.75,56386.26953125
2020-02-27,34924.4296875,32435.060546875,32968.80078125,55420.6796875
2020-02-28,33745.9296875,30312.759765625,31728.5,54721.23828125
2020-03-02,33752.359375,30979.7109375,32011.130859375,54803.421875
2020-03-03,34339.01953125,32077.76953125,32589.890625,55969.890625
2020-03-04,34706.01171875,31803.25,32847.96875,55191.921875
2020-03-05,34389.921875,31524.810546875,32928.96875,55618.1796875
2020-03-06,33426.2109375,31009.83984375,32195.5,55459.1015625
2020-03-09,32053.439453125,27397.349609375,30967.16015625,54524.6484375
2020-03-10,32590.890625,27483.44921875,31641.720703125,54437.76171875
2020-03-11,32489.509765625,26967.880859375,31768.2890625,53358.19921875
2020-03-12,30340.30078125,23057.640625,29346.5703125,48260.53125
2020-03-13,30171.689453125,23531.900390625,29337.509765625,48562.21875
2020-03-16,26881.919921875,21750.5,26919.759765625,45256.66015625
2020-03-17,26556.419921875,23089.5390625,27707.2890625,47042.58984375
2020-03-18,23296.80078125,21168.310546875,26392.869140625,47759.078125
2020-03-19,21790.970703125,20146.5703125,24982.41015625,47370.109375
2020-03-20,23227.16015625,21713.3203125,26737.55078125,50700.30859375
2020-03-23,20716.48046875,21031.9296875,24260.30078125,48438.828125
2020-03-24,21990.349609375,23735.0,24461.630859375,50120.6796875
2020-03-25,23413.169921875,25577.630859375,24859.640625,50295.37109375
2020-03-26,25111.4609375,26167.890625,25138.55078125,51821.51171875
2020-03-27,22875.419921875,25209.3203125,24245.48046875,50656.69921875
2020-03-30,22287.7109375,25980.5703125,23396.69921875,51479.578125
2020-03-31,23718.48046875,26065.419921875,24255.599609375,52052.140625
2020-04-01,23463.66015625,25393.359375,23631.650390625,52260.0703125
2020-04-02,23814.939453125,26742.939453125,23868.01953125,53555.328125
2020-04-03,23186.490234375,26471.669921875,23394.8203125,53485.41015625
2020-04-06,24244.359375,27768.439453125,23451.130859375,54640.37890625
2020-04-07,25444.689453125,28948.19921875,24859.109375,55512.16015625
2020-04-08,24694.55078125,28368.859375,25145.630859375,54920.33984375
2020-04-09,26077.240234375,29389.5703125,26433.970703125,54853.37890625
2020-04-14,26824.33984375,31413.6796875,27912.9296875,56921.828125
2020-04-15,25198.130859375,29942.66015625,26104.1796875,56391.9296875
2020-04-16,24525.30078125,29635.880859375,25271.83984375,55920.51953125
2020-04-17,25014.359375,30551.880859375,25233.75,57699.5390625
2020-04-20,24625.01953125,30427.609375,24778.380859375,57496.96875
2020-04-21,24125.9609375,29076.880859375,24256.830078125,56369.12890625
2020-04-22,23863.400390625,29963.7890625,23995.400390625,55462.55078125
2020-04-23,24251.720703125,31850.650390625,24226.490234375,56582.5390625
2020-04-24,24370.0,31980.80078125,24314.029296875,55694.4296875
2020-04-28,24788.439453125,31597.4296875,24818.310546875,57772.19140625
2020-04-29,25718.310546875,32666.859375,25961.2890625,57761.51171875
2020-04-30,25755.330078125,32032.310546875,25609.759765625,56982.76171875
2020-05-04,24678.240234375,31349.080078125,24675.33984375,55544.609375
2020-05-05,25101.5703125,30846.73046875,25394.439453125,55215.9296875
2020-05-06,24809.259765625,31704.94921875,25094.099609375,56251.98046875
2020-05-07,25054.6796875,31950.330078125,25417.26953125,56174.421875
2020-05-08,25415.05078125,32795.5703125,25453.4296875,57114.12890625
2020-05-11,24521.080078125,31174.349609375,25258.5,56977.671875
2020-05-12,24178.490234375,31514.619140625,25358.740234375,57122.9609375
2020-05-13,23815.619140625,30965.369140625,24881.41015625,55357.01953125
2020-05-14,22759.76953125,30833.2109375,24098.4296875,54323.78125
2020-05-15,22993.310546875,32259.30078125,24141.720703125,53947.87109375
2020-05-18,23629.009765625,34382.53125,24541.830078125,55442.03125
2020-05-19,24223.58984375,34616.37890625,25177.44921875,55080.671875
2020-05-20,24305.099609375,34429.30078125,25190.83984375,54791.16015625
2020-05-21,24634.599609375,33120.859375,25364.5390625,53826.26171875
2020-05-22,24212.51953125,32726.060546875,24909.2109375,52296.62890625
2020-05-25,23857.509765625,32954.828125,24828.69921875,53247.21875
2020-05-26,25028.48046875,32655.009765625,25566.51953125,54152.76171875
2020-05-27,25124.5703125,32673.119140625,25917.05078125,54517.66015625
2020-05-28,25537.279296875,33849.0703125,26602.4296875,56013.5703125
2020-05-29,24914.119140625,33797.96875,26109.880859375,55442.390625
2020-06-01,24845.740234375,34137.5,25696.8203125,55879.94140625
2020-06-02,26046.23046875,35262.6015625,26603.2109375,56642.8984375
2020-06-03,28071.6796875,35039.890625,28065.75,57919.3203125
2020-06-04,27933.169921875,34947.9609375,27740.439453125,57610.51953125
2020-06-05,29160.279296875,35765.98046875,29943.73046875,60057.66015625
2020-06-08,28853.529296875,36279.828125,29723.099609375,59835.48828125
2020-06-09,28751.76953125,36186.55859375,29632.4609375,59229.3203125
2020-06-10,27926.630859375,35201.69140625,28651.470703125,58827.1796875
2020-06-11,27391.580078125,35261.12890625,28002.400390625,57508.62890625
2020-06-12,27625.58984375,35420.3515625,27825.119140625,57933.41015625
2020-06-15,26996.380859375,34334.19140625,27683.7890625,57057.609375
2020-06-17,27665.859375,35331.6015625,27667.109375,57505.0703125
2020-06-18,27100.060546875,35139.140625,26869.580078125,58191.12890625
2020-06-19,27230.98046875,35651.55859375,27149.19921875,58993.2109375
2020-06-22,26596.5,35797.30078125,26988.669921875,58081.01953125
2020-06-23,26423.369140625,37230.41015625,26656.279296875,59667.37890625
2020-06-24,26138.720703125,36336.0,27227.9609375,58781.96875
2020-06-25,26237.30078125,36161.78125,26477.6796875,57564.30078125
2020-06-26,25752.529296875,35947.03125,26315.73046875,57884.80078125
2020-06-29,26109.9609375,36425.01953125,26558.990234375,58193.23046875
2020-06-30,25942.859375,36776.48046875,25716.369140625,58187.71875
2020-07-01,25865.08984375,35875.671875,25261.98046875,57489.48828125
2020-07-02,26412.279296875,36476.55859375,26060.759765625,58035.23828125
2020-07-03,26364.91015625,36047.640625,25893.9609375,58450.578125
2020-07-06,26323.26953125,36792.05859375,25735.5390625,59118.1484375
2020-07-07,26178.810546875,37429.5,25579.560546875,60022.03125
2020-07-08,26519.419921875,38015.6484375,25562.029296875,59026.2109375
2020-07-09,26627.240234375,37845.16015625,25470.3203125,57932.359375
2020-07-10,26905.2890625,37781.16015625,25430.23046875,57738.21875
2020-07-13,27425.0,38428.4609375,26399.390625,57803.94921875
2020-07-14,27028.009765625,38342.7109375,25990.640625,57666.3203125
2020-07-15,27050.3203125,38706.80078125,26288.05078125,58071.08984375
2020-07-16,27480.900390625,38796.26171875,26170.3203125,55941.19921875
2020-07-17,27234.0703125,39330.37890625,25818.150390625,55856.12890625
2020-07-20,27227.189453125,39951.71875,26025.25,55638.8984375
2020-07-21,27376.380859375,39296.94140625,26211.58984375,55112.1796875
2020-07-22,27225.060546875,39087.23828125,25842.51953125,54413.1015625
2020-07-23,26659.880859375,39836.48046875,25589.859375,55049.19140625
2020-07-24,26393.4296875,40084.2890625,25466.51953125,55081.1796875
2020-07-27,26538.55078125,41326.26171875,25361.7890625,54929.44140625
2020-07-28,27007.380859375,41141.98828125,25545.349609375,54536.08984375
2020-07-29,27506.390625,40759.28125,26082.23046875,54681.87109375
2020-07-30,26678.7890625,39988.2890625,25766.029296875,55115.5
2020-07-31,26036.91015625,40104.98828125,25030.529296875,55121.12109375
2020-08-03,25220.4296875,40780.69921875,24300.240234375,54805.87890625
2020-08-04,25387.55078125,41322.21875,25152.19921875,55641.01953125
2020-08-05,25572.779296875,43114.94140625,25601.91015625,55815.01953125
2020-08-06,25455.98046875,43249.05859375,25401.30078125,56325.69921875
2020-08-07,25449.150390625,42422.6796875,25792.900390625,56418.0390625
2020-08-11,26081.619140625,42177.01171875,26217.0390625,58305.37890625
2020-08-12,25862.4609375,42393.0,26207.0390625,58174.44140625
2020-08-13,26118.109375,42482.80859375,26184.130859375,58701.9609375
2020-08-14,25964.80078125,42342.078125,25993.7109375,58085.76953125
2020-08-17,25512.23046875,43282.83984375,25706.109375,58671.05859375
2020-08-18,25894.859375,42479.44921875,26041.48046875,58132.30859375
2020-08-19,25934.240234375,41763.6796875,26650.26953125,57625.44140625
2020-08-20,25428.240234375,40998.9296875,26147.25,57266.94140625
2020-08-21,26033.1796875,40593.48828125,26470.4296875,56329.5
2020-08-24,26619.51953125,40792.4609375,27029.5390625,57044.44140625
2020-08-25,26570.009765625,39769.8984375,26958.01953125,56482.37890625
2020-08-26,26261.240234375,40246.9296875,26435.5703125,56755.3515625
2020-08-27,26321.73046875,40133.7109375,26239.830078125,57456.671875
2020-08-28,25817.640625,40215.1796875,26109.669921875,56308.19140625
2020-08-31,24929.119140625,40179.30078125,25526.08984375,57172.48828125
2020-09-01,25474.580078125,40331.69921875,26026.849609375,56321.80859375
2020-09-02,24853.9609375,40153.87890625,25665.490234375,57946.23046875
2020-09-03,24322.2890625,38985.91015625,25645.779296875,57919.05859375
2020-09-04,24302.880859375,39112.421875,25166.109375,56685.3203125
2020-09-07,24413.650390625,40000.421875,25156.5390625,57877.30078125
2020-09-08,24987.5703125,39556.41015625,25770.009765625,57685.94921875
2020-09-09,26192.529296875,39763.30078125,26938.5390625,57086.9609375
2020-09-10,26350.08984375,40154.2109375,26956.099609375,59209.55078125
2020-09-11,25878.630859375,40598.96875,26336.720703125,60106.1484375
2020-09-14,25784.3203125,40895.7109375,26948.099609375,60897.98046875
2020-09-15,25582.9296875,40872.05859375,26581.6796875,60484.37890625
2020-09-16,25617.029296875,40918.4296875,26888.080078125,59389.640625
2020-09-17,25566.529296875,39660.6015625,26692.919921875,58505.4609375
2020-09-18,25072.66015625,39852.66015625,26303.0390625,57362.4609375
2020-09-21,24315.080078125,38778.37890625,25523.689453125,56981.16015625
2020-09-22,24353.330078125,38074.33984375,25367.630859375,56842.28125
2020-09-23,24413.5703125,38437.109375,25189.8203125,58222.91015625
2020-09-25,23904.220703125,38381.87109375,24873.099609375,57619.078125
2020-09-28,25127.259765625,39023.44140625,25464.609375,58874.75
2020-09-29,25294.810546875,38863.51171875,25543.0390625,58300.75
2020-09-30,25474.900390625,38375.94140625,25758.099609375,57517.0703125
2020-10-01,25726.5703125,38144.1015625,26359.0390625,57534.2890625
2020-10-02,26108.150390625,37867.05859375,26822.609375,55768.78125
2020-10-05,25801.80078125,38163.48046875,26504.8203125,57429.1796875
2020-10-06,25551.83984375,37741.66015625,26203.009765625,57235.41015625
2020-10-07,25705.720703125,38235.078125,26442.58984375,57753.69921875
2020-10-08,25518.619140625,38358.3203125,26884.140625,57591.0390625
2020-10-09,25205.830078125,39343.12109375,26633.58984375,57686.421875
2020-10-12,25473.830078125,39460.0703125,26559.669921875,58227.94140625
2020-10-13,24855.7109375,38909.26171875,26008.109375,57996.23828125
2020-10-14,24766.720703125,39482.46875,25949.220703125,57772.55859375
2020-10-15,24914.859375,38961.03125,25925.4296875,56649.8203125
2020-10-16,24656.669921875,39050.73046875,25789.5,57720.76953125
2020-10-19,25308.279296875,39087.3984375,26178.08984375,57359.53125
2020-10-20,25213.169921875,38874.83984375,26129.390625,58726.48046875
2020-10-21,25610.900390625,39339.69140625,26134.259765625,57335.859375
2020-10-22,26125.720703125,38157.55078125,26632.69921875,56586.30078125
2020-10-23,27127.69921875,37958.03125,27903.2109375,57249.25
2020-10-26,26782.740234375,37641.73046875,27592.759765625,56394.08984375
2020-10-27,26393.94921875,36441.3203125,27269.380859375,55043.76171875
2020-10-28,25263.6796875,34807.44140625,25934.880859375,53612.2890625
2020-10-29,24658.76953125,34590.609375,25181.599609375,53447.44921875
2020-10-30,23978.66015625,34211.1484375,24940.7109375,52109.4296875
2020-11-02,24276.439453125,35300.328125,24698.51953125,52461.80078125
2020-11-03,25111.23046875,36230.6796875,25447.490234375,53462.53125
2020-11-04,25236.58984375,35832.578125,25991.080078125,54768.578125
2020-11-05,25567.189453125,36716.51171875,26375.390625,55419.609375
2020-11-06,25629.490234375,37386.3515625,26439.580078125,59578.328125
2020-11-09,27478.01953125,37121.80859375,27838.599609375,62427.2890625
2020-11-10,28432.529296875,38082.640625,28822.189453125,63500.12109375
2020-11-11,29797.259765625,37737.3203125,30112.0390625,64247.28125
2020-11-12,29072.630859375,36794.66015625,29086.609375,62782.8984375
2020-11-13,28637.5,37170.44140625,28426.349609375,63215.4609375
2020-11-16,28768.619140625,37773.171875,28536.630859375,63075.83984375
2020-11-17,29037.359375,37285.578125,29498.330078125,64034.23828125
2020-11-18,29148.880859375,37393.0703125,30029.66015625,63819.4609375
2020-11-19,28795.25,37086.3203125,30006.30078125,63560.87890625
2020-11-20,28195.2890625,37088.23046875,29965.76953125,62653.6796875
2020-11-23,28337.26953125,37289.76171875,29547.5703125,63407.62890625
2020-11-24,29145.140625,37753.890625,30004.01953125,64145.73828125
2020-11-25,29183.169921875,37845.171875,30400.630859375,63842.359375
2020-11-26,29191.26953125,38056.69140625,30900.98046875,63081.46875
2020-11-27,29014.0390625,38075.828125,30936.689453125,63524.08984375
2020-11-30,28063.859375,37945.2109375,30022.990234375,63523.51953125
2020-12-01,28204.970703125,38579.87890625,31412.01953125,62358.94921875
2020-12-02,28412.30078125,39928.87890625,31424.609375,62826.171875
2020-12-03,28628.810546875,40697.91015625,30884.48046875,62510.73828125
2020-12-04,29347.439453125,41023.3515625,31119.640625,62457.80078125
2020-12-07,29218.279296875,41347.69140625,30977.439453125,62952.87109375
2020-12-08,29349.060546875,40992.05078125,31500.640625,62706.26171875
2020-12-09,29734.080078125,40781.3203125,31703.259765625,63231.48046875
2020-12-10,29157.33984375,41203.2890625,31199.359375,64194.58984375
2020-12-11,29670.150390625,40800.1796875,31605.880859375,64248.26953125
2020-12-14,30048.73046875,40828.44921875,31817.5390625,64879.01171875
2020-12-15,30418.0703125,40840.71875,31831.869140625,64615.171875
2020-12-17,30636.41015625,42082.48046875,31673.0390625,65654.03125
2020-12-18,31171.529296875,41387.53125,31519.91015625,64424.7109375
2020-12-21,29726.259765625,40741.62890625,30055.69921875,62945.44921875
2020-12-22,29931.439453125,40451.26171875,30156.970703125,63100.76171875
2020-12-23,30334.7109375,40689.0703125,30381.80078125,63425.78125
2020-12-24,30414.55078125,41182.03125,30747.7109375,64558.26171875
2020-12-28,30375.529296875,41611.640625,30806.740234375,64724.078125
2020-12-29,30397.5703125,41447.87109375,30804.58984375,65515.33984375
2020-12-30,30517.8203125,41635.69921875,30915.7109375,65212.62109375
2020-12-31,30301.869140625,41510.05078125,30620.369140625,64149.23046875
2021-01-04,29827.76953125,43716.87109375,31036.01953125,65506.421875
2021-01-05,29291.150390625,44133.78125,30806.619140625,66858.25
2021-01-06,29385.720703125,45843.53125,31913.029296875,66612.5
2021-01-07,30104.189453125,47237.62109375,33095.609375,69413.7265625
2021-01-08,30792.33984375,46966.578125,33269.05078125,69377.6796875
2021-01-11,30296.099609375,46858.0390625,33000.21875,69923.9296875
2021-01-12,30421.76953125,46415.0,32938.26171875,70365.1171875
2021-01-13,30219.029296875,46681.21875,33013.6796875,68705.8203125
2021-01-14,30070.91015625,46729.828125,32893.80859375,68725.296875
2021-01-15,30004.4296875,46046.75,32582.830078125,68307.296875
2021-01-18,29966.240234375,45653.69921875,32754.400390625,69836.640625
2021-01-19,30221.7890625,44979.33984375,32730.0,68270.6796875
2021-01-20,30247.0390625,45583.71875,32765.279296875,68790.8828125
2021-01-21,30048.779296875,45948.3515625,32852.41015625,68329.15625
2021-01-22,29443.720703125,45321.62109375,32714.119140625,69417.203125
2021-01-25,29175.419921875,44956.91015625,32521.150390625,68571.1796875
2021-01-26,29635.08984375,44728.25,32971.37890625,68387.1015625
2021-01-27,29784.69921875,43022.6484375,32192.7109375,67917.1484375
2021-01-28,29857.529296875,43991.21875,32239.990234375,68507.0078125
2021-01-29,29492.390625,43576.12109375,31859.23046875,67073.3125
2021-02-01,29273.1796875,44286.109375,31862.130859375,66569.3125
2021-02-02,29749.880859375,43047.890625,32303.220703125,67590.2734375
2021-02-03,29840.609375,43302.828125,32472.05078125,67466.84375
2021-02-04,30654.529296875,43627.21875,32734.2890625,68079.5078125
2021-02-05,31593.0390625,43854.44140625,32992.109375,68003.8828125
2021-02-08,31164.9609375,45308.30859375,33585.30078125,68729.6796875
2021-02-09,31390.4296875,44878.3515625,33456.578125,69286.359375
2021-02-10,31382.669921875,46443.921875,33631.33984375,69033.6796875
2021-02-11,31475.08984375,45687.76953125,33429.2890625,69085.2578125
2021-02-12,32072.900390625,45467.6796875,33913.98828125,68907.8125
2021-02-15,32028.359375,47223.6796875,34195.828125,69010.9609375
2021-02-16,31955.630859375,47729.3984375,34344.51171875,69604.6875
2021-02-17,31365.759765625,47685.4296875,34004.98828125,68595.546875
2021-02-18,31118.55078125,47361.1484375,33312.6484375,67791.4375
2021-02-19,31152.19921875,48331.1484375,33865.26953125,68661.0234375
2021-02-22,31281.66015625,48724.48828125,33844.9296875,68814.0
2021-02-23,30967.580078125,47704.890625,33294.12109375,67694.328125
2021-02-24,31239.01953125,48133.7890625,33585.51171875,68349.4296875
2021-02-25,31180.58984375,50613.921875,33903.76953125,68768.4375
2021-02-26,30904.26953125,48602.73828125,33135.03125,68638.1796875
2021-03-01,31489.869140625,49645.48046875,33583.359375,68783.7734375
2021-03-02,31758.470703125,50678.87109375,34100.16015625,69230.6875
2021-03-03,31820.400390625,49824.171875,34598.66015625,69267.5
2021-03-04,32040.419921875,49711.21875,34382.671875,68280.8203125
2021-03-05,32197.880859375,50900.5703125,34555.80859375,68335.6875
2021-03-08,32169.650390625,51535.328125,34715.6484375,69721.1015625
2021-03-09,32443.890625,50956.8984375,35175.12109375,70174.421875
2021-03-10,32834.48828125,50518.48046875,34975.51953125,69703.25
2021-03-11,32635.310546875,50594.5390625,34971.98046875,68994.0390625
2021-03-12,32687.0703125,50390.16015625,34925.8984375,69977.3515625
2021-03-15,32350.779296875,49666.37890625,34803.30078125,69448.0625
2021-03-16,31904.25,49484.578125,34418.62890625,68449.421875
2021-03-17,31434.2890625,48401.0390625,34343.609375,68988.6875
2021-03-18,31236.580078125,48934.0703125,34595.25,69674.1875
2021-03-19,30828.919921875,47703.921875,34042.69921875,68086.0
2021-03-23,30362.17,46405.98046875,33788.96875,68141.1875
2021-03-24,30366.93,46774.8515625,33851.9609375,67131.1796875
2021-03-25,30194.73,46352.109375,33813.75,67337.2265625
2021-03-26,30955.85,48627.30078125,34914.25,68744.8515625
2021-03-29,31709.05,48243.71875,35234.62890625,69152.75
2021-03-30,31955.44,48189.8203125,35366.8984375,69084.8828125
2021-03-31,31243.47,48030.30859375,34546.7890625,67739.6796875
2021-04-01,30984.14,48290.69140625,34771.890625,67210.328125
2021-04-06,31221.45,49434.37890625,35241.44140625,68280.4921875
2021-04-07,31074.11,49279.8515625,34921.3515625,67875.7421875
2021-04-08,30620.25,49395.26171875,34777.671875,67571.5625
2021-04-09,30876.47,49455.328125,35103.41015625,67683.546875
2021-04-12,30964.86,48423.26953125,34778.30078125,67676.6328125
2021-04-13,31060.49,48878.8515625,34537.109375,67353.7109375
2021-04-14,31045.49,49686.3203125,34589.48828125,67409.9296875
2021-04-15,31489.34,49574.2890625,34835.37109375,67546.8984375
2021-04-16,31764.49,50665.9609375,35545.83984375,68597.0390625
2021-04-19,31709.06,50263.26171875,35354.26953125,68511.5390625
2021-04-20,31053.73,49446.1484375,34903.98046875,66488.796875
2021-04-21,30921.96,49909.640625,35172.19921875,67030.8203125
2021-04-22,31129.2890625,49515.3515625,35076.1484375,67152.75
2021-04-23,31265.19921875,49942.73046875,35304.41015625,66851.75
2021-04-26,31444.169921875,50442.51171875,35527.55859375,67682.0234375
2021-04-28,31992.419921875,50357.1796875,35592.58984375,67384.21875
2021-04-29,32383.30078125,49852.76171875,35589.19921875,66508.6328125
2021-04-30,31838.5703125,49462.5,35200.16015625,66299.703125
2021-05-03,31430.44921875,49431.0390625,34803.640625,66146.1875
2021-05-04,31238.400390625,49448.98828125,34916.30859375,66073.3828125
2021-05-05,31784.380859375,50648.87109375,35327.01171875,66915.6875
2021-05-06,32253.859375,50452.78125,35112.5390625,67668.28125
2021-05-07,32626.439453125,51467.01171875,35334.87890625,68170.0078125
2021-05-10,32716.419921875,51940.640625,35277.01953125,68260.28125
2021-05-11,32443.919921875,50854.6796875,34479.109375,67614.3203125
2021-05-12,32370.990234375,51594.5390625,34706.671875,68016.296875
2021-05-13,32082.5390625,50036.6484375,34937.1015625,68236.2421875
2021-05-14,32529.990234375,50010.890625,35234.30859375,68621.328125
2021-05-17,32316.990234375,50970.76953125,35312.4296875,68911.171875
2021-05-18,32453.490234375,51049.4609375,35701.578125,69605.2890625
2021-05-19,32296.9296875,48862.87109375,35339.28125,68995.6171875
2021-05-20,32520.130859375,48755.16015625,35242.1796875,69236.09375
2021-05-21,32715.099609375,48465.109375,35361.140625,69108.609375
2021-05-24,32570.330078125,47941.19140625,35379.109375,68742.7265625
2021-05-25,32995.4296875,47263.1796875,35444.37890625,68836.6171875
2021-05-26,33253.73828125,46758.87109375,35443.01953125,69154.21875
2021-05-27,33663.73046875,48142.05859375,35732.5390625,69053.1171875
2021-05-28,34106.48046875,47805.23828125,36279.94921875,69277.9375
2021-05-31,34076.890625,48832.6796875,36117.109375,69018.546875
2021-06-01,34371.6484375,49512.3515625,36670.96875,69444.1171875
2021-06-02,34540.62890625,49215.0703125,36764.8515625,69958.7890625
2021-06-03,34300.03125,47853.80078125,36115.73046875,70037.4296875
2021-06-04,34091.0703125,48029.1484375,35836.51171875,69724.7734375
2021-06-07,34150.1015625,47458.609375,35718.76171875,69435.78125
2021-06-08,34202.859375,47621.76953125,35931.3515625,69500.9765625
2021-06-09,34977.98046875,46943.5,35952.6796875,70376.0078125
2021-06-10,34837.44921875,46880.53125,36057.55078125,70463.8671875
2021-06-11,34593.0703125,47390.8515625,36179.37890625,69507.6484375
2021-06-14,34780.6796875,47228.62109375,36720.51171875,69652.078125
2021-06-15,34454.75,46170.37109375,36320.91015625,69996.0078125
2021-06-17,33703.26171875,44682.66015625,36310.91015625,70257.34375
2021-06-18,33117.578125,43953.3203125,35324.05859375,69722.9375
2021-06-21,32813.6796875,44059.55859375,35768.23828125,69613.390625
2021-06-22,32721.189453125,44625.609375,36026.69921875,69451.5234375
2021-06-23,32827.0703125,45385.671875,35803.3515625,69225.7421875
2021-06-24,33098.05859375,45838.53125,35861.23828125,69515.828125
2021-06-25,33260.44921875,46121.87109375,35742.1796875,69449.90625
2021-06-28,32642.009765625,45808.0390625,35296.33984375,69059.5234375
2021-06-29,33267.2109375,45790.05078125,35895.05078125,70049.2265625
2021-06-30,33342.2109375,45567.6015625,36000.0,69568.4921875
2021-07-01,33181.4296875,46392.58984375,36273.87109375,69940.109375
2021-07-02,33050.83984375,46266.73046875,35889.48046875,69764.6484375
2021-07-05,33319.6796875,47019.16015625,36167.6015625,69817.421875
2021-07-06,33310.51953125,46329.5390625,36049.1015625,70128.390625
2021-07-07,33526.58984375,47387.6484375,36320.26953125,70531.6484375
2021-07-08,33394.21875,45523.9609375,36309.53125,70444.8828125
2021-07-09,33831.53125,47084.5703125,36841.55859375,70088.4765625
2021-07-12,33877.8984375,47806.7890625,37272.12890625,71208.703125
2021-07-13,32804.30859375,48294.41015625,36923.12890625,70301.171875
2021-07-14,32779.4609375,49003.1796875,37201.1796875,70761.9375
2021-07-15,32678.240234375,48400.078125,36835.87109375,70723.7578125
2021-07-16,32547.94921875,46782.55859375,36377.4609375,70528.40625
2021-07-19,31787.0703125,45104.890625,35649.8203125,68884.6875
2021-07-20,32020.310546875,46235.9296875,36493.21875,69118.046875
2021-07-21,32175.810546875,46972.41015625,36805.078125,69557.5390625
2021-07-22,32436.16015625,47545.421875,37138.01171875,69895.0078125
2021-07-23,32745.0703125,48194.16015625,37767.5390625,70665.1796875
2021-07-26,32511.33984375,49932.73828125,37786.140625,70286.3203125
2021-07-27,32700.5,49913.05078125,38063.76953125,70820.8203125
2021-07-28,32798.08984375,50597.12109375,38246.23046875,70852.3125
2021-07-29,32803.48046875,51936.19140625,38271.828125,70270.6796875
2021-07-30,32914.1484375,50934.55859375,38125.62109375,70013.453125
2021-08-02,32919.578125,50814.640625,37759.28125,69458.0234375
2021-08-03,33394.3515625,51261.4609375,37993.12109375,70190.9296875
2021-08-04,33356.41015625,51652.62109375,38079.6796875,69605.109375
2021-08-05,34409.48828125,49770.78125,38784.76953125,69942.9375
2021-08-06,34460.01171875,49881.62109375,38580.01953125,69889.46875
2021-08-10,34364.44140625,49816.6015625,38784.2109375,69895.203125
2021-08-11,34404.1484375,50512.0390625,39135.3203125,70326.0625
2021-08-12,34179.58984375,50071.890625,39005.3984375,70584.109375
2021-08-13,34217.55078125,50226.859375,38884.359375,70911.0390625
2021-08-16,34907.6796875,49664.7890625,39125.609375,71633.1796875
2021-08-17,35150.359375,50947.58984375,39270.75,72655.15625
2021-08-18,35584.73828125,48253.16015625,39509.16015625,72591.7578125
2021-08-19,35143.7890625,46838.94921875,39199.05859375,71953.171875
2021-08-20,35065.6796875,46585.76171875,39261.26953125,72421.0703125
2021-08-23,35594.94140625,47795.078125,39393.30859375,72935.8671875
2021-08-24,35850.3203125,48222.66015625,39340.30078125,72980.296875
2021-08-25,35887.7109375,48074.828125,39008.859375,72838.78125
2021-08-26,35943.6015625,47669.87109375,38682.26171875,72576.8984375
2021-08-27,36113.48046875,48704.58984375,38721.19921875,72666.71875
2021-08-30,36009.671875,48563.1796875,38658.01953125,72696.5078125
2021-08-31,36662.55859375,47709.19921875,38305.44921875,73118.0078125
2021-09-01,36540.921875,45925.53125,38201.94140625,72643.3203125
2021-09-02,36235.328125,45614.1484375,38076.19140625,72264.671875
2021-09-03,35951.1484375,45960.58984375,38203.26171875,72131.40625
2021-09-06,35861.69921875,45220.66015625,38005.640625,71497.5078125
2021-09-07,35720.23828125,45303.53125,38111.48828125,71495.53125
2021-09-08,35691.23828125,44207.87890625,37398.75,71348.0703125
2021-09-09,35322.19921875,43375.28125,37075.12109375,70642.8828125
2021-09-10,35069.0390625,43646.12890625,36944.37109375,70577.4921875
2021-09-13,35459.01171875,44397.23828125,36655.87109375,70993.0703125
2021-09-14,35990.76953125,43546.609375,36871.1484375,71269.8671875
2021-09-15,36058.01953125,44026.51953125,36974.578125,71670.2890625
2021-09-16,35362.3515625,42282.0,37325.05078125,71691.2265625
2021-09-17,35546.30078125,40670.5703125,37081.4609375,72670.4296875
2021-09-20,34888.71875,39710.69140625,35900.5703125,72086.9609375
2021-09-21,35216.078125,40190.5,36176.0,73377.8828125
2021-09-22,35961.890625,40996.98046875,36744.71875,73458.8203125
2021-09-23,36290.62890625,41167.7890625,37088.25,73504.703125
2021-09-27,36196.12109375,41523.58984375,36927.58984375,72475.9765625
2021-09-28,36502.55859375,40897.23046875,36761.05078125,72190.8125
2021-09-29,36942.21875,41068.37109375,36914.94140625,72142.21875
2021-09-30,36941.66015625,41697.69921875,37070.98828125,71869.828125
2021-10-01,36835.80078125,41083.8515625,36812.75,70120.4921875
2021-10-04,36447.23046875,42093.890625,36780.37890625,70837.171875
2021-10-05,36511.2109375,42006.328125,37275.609375,71910.0390625
2021-10-06,36482.28125,41316.73046875,36795.6484375,72547.4765625
2021-10-07,36228.609375,42989.26953125,36929.23828125,71701.4296875
2021-10-08,35743.078125,44088.19140625,36290.921875,71096.8125
2021-10-11,35857.921875,45353.51171875,36448.94921875,71572.9921875
2021-10-12,36043.578125,45265.4296875,36450.73046875,71252.0234375
2021-10-13,35844.55859375,45190.671875,36315.08984375,71219.4296875
2021-10-14,35642.58984375,46277.21875,36872.94140625,71497.65625
2021-10-15,35591.12109375,46219.328125,36649.2890625,71714.109375
2021-10-18,35867.109375,45714.71875,36806.390625,71659.5
2021-10-19,35791.16015625,45467.33984375,36462.890625,72038.2265625
2021-10-20,35722.37890625,45432.62109375,36310.55078125,72014.71875
2021-10-21,35284.609375,44174.28125,36249.859375,71432.7578125
2021-10-22,35383.3515625,45279.75,36904.87109375,71959.53125
2021-10-25,35481.140625,45612.87890625,36783.578125,71926.078125
2021-10-26,35759.87890625,45742.28125,37121.91015625,72468.296875
2021-10-27,35790.48828125,45419.01171875,37206.1796875,72887.953125
2021-10-28,35642.03125,45688.421875,37706.328125,73319.4296875
2021-10-29,35587.66015625,45302.94921875,37655.0390625,72646.3203125
2021-11-02,36152.3203125,44861.3984375,37745.33984375,73697.4296875
2021-11-03,36271.87890625,45481.91015625,37965.6484375,73903.5078125
2021-11-04,36436.23046875,44876.28125,37882.30859375,73040.0625
2021-11-05,36194.30078125,44133.01171875,37406.6015625,72851.1015625
2021-11-08,36215.171875,44587.19921875,37396.76171875,72213.40625
2021-11-09,36263.51953125,44064.140625,37369.41015625,72578.8671875
2021-11-10,36190.16015625,44922.609375,37472.66015625,72783.828125
2021-11-11,36163.3203125,46820.01953125,37575.51171875,72891.75
2021-11-12,35816.48046875,46515.98046875,37574.66015625,72775.390625
2021-11-15,36054.8984375,45974.41015625,37448.0390625,73485.1875
2021-11-16,35977.05078125,46706.76171875,37436.03125,73551.6875
2021-11-17,36188.37890625,46894.55859375,37702.78125,72463.1328125
2021-11-18,36358.0703125,46488.421875,37933.05078125,72943.4375
2021-11-19,35763.05078125,46569.05078125,37583.5390625,72517.1015625
2021-11-22,36081.62890625,47086.1796875,37754.640625,72704.3984375
2021-11-23,35965.73046875,47842.609375,37831.109375,73032.9375
2021-11-24,35351.96875,47986.96875,37452.9609375,71796.7421875
2021-11-25,35736.6015625,47179.33984375,37834.859375,72872.0234375
2021-11-26,33499.19140625,46027.62109375,36702.9609375,70582.7109375
2021-11-29,34636.4296875,47153.30859375,37572.96875,71820.703125
2021-11-30,34908.01953125,48397.1484375,36926.5703125,71466.09375
2021-12-01,35442.30078125,48869.96875,37451.1484375,71994.7890625
2021-12-02,35495.96875,48649.1015625,37795.828125,72800.2578125
2021-12-03,35743.87890625,47922.94140625,37917.62109375,73118.1328125
2021-12-06,35908.05078125,48517.26171875,38075.5703125,73264.7890625
2021-12-07,36183.609375,50392.53125,38513.48046875,74284.3984375
2021-12-08,36375.44140625,49327.4296875,37999.58984375,73444.84375
2021-12-09,36496.94140625,49047.53125,38121.359375,74045.5078125
2021-12-10,35950.2890625,48800.0,37830.6796875,73713.15625
2021-12-13,35629.28125,48729.37109375,37703.4296875,73776.078125
2021-12-14,35679.9296875,49098.19921875,37515.1484375,73890.7421875
2021-12-15,36312.890625,48638.05859375,37604.578125,73997.46875
2021-12-17,36779.66015625,49229.51953125,37918.421875,74229.5390625
2021-12-20,36055.078125,47909.87109375,37091.4296875,74122.7890625
2021-12-21,36516.98828125,49333.71875,37577.0703125,74413.5703125
2021-12-22,36772.5390625,49235.05078125,37810.828125,74326.3515625
2021-12-23,36981.19140625,49472.41015625,37822.890625,74404.2421875
2021-12-24,36858.69140625,49326.5,37787.4609375,74195.3515625
2021-12-28,37099.19140625,50183.23046875,38045.1796875,74820.1875
2021-12-29,37402.7109375,50626.62890625,38739.2109375,75750.390625
2021-12-30,37859.578125,51041.19140625,39055.98046875,76427.890625
2021-12-31,37710.30078125,50982.80859375,38948.53125,75623.6484375
2022-01-03,38180.0703125,50662.921875,38933.37109375,76253.1796875
2022-01-04,38532.03125,51929.921875,39397.1796875,76934.75
2022-01-05,38891.2890625,52100.7109375,39229.44921875,76865.359375
2022-01-06,38986.16015625,51295.390625,38992.51171875,76928.3828125
2022-01-07,38913.12109375,51643.55859375,39009.26953125,76222.6328125
2022-01-10,39221.69140625,51841.3203125,39057.80078125,77073.609375
2022-01-11,38940.26171875,51990.80078125,38815.8203125,76986.65625
2022-01-12,39178.4296875,54296.3515625,39218.828125,77195.5234375
2022-01-13,39519.96875,54164.6015625,39517.16015625,77314.8515625
2022-01-14,39397.62109375,53327.01953125,39026.23046875,77419.421875
2022-01-17,39251.91015625,53479.9296875,39268.5703125,78376.5390625
2022-01-18,38878.03125,53307.0,38766.578125,78500.640625
2022-01-19,38584.28125,55098.48828125,39137.23828125,78439.359375
2022-01-20,38349.37109375,55289.03125,38719.78125,77439.9296875
2022-01-21,38207.0,53726.01953125,38125.9609375,77960.34375
2022-01-24,37310.3203125,51239.62109375,37012.5703125,77566.421875
2022-01-25,37440.16015625,52215.98828125,36850.7890625,76769.6328125
2022-01-26,37756.94921875,53863.12109375,37234.3515625,76438.9375
2022-01-27,38039.98046875,53695.44140625,37507.46875,76694.4765625
2022-01-28,38396.80859375,52966.078125,37568.51171875,77205.328125
2022-01-31,38634.80859375,52810.328125,37902.4296875,77677.2890625
2022-02-01,38870.48828125,52963.0,38246.3203125,77321.8515625
2022-02-02,38886.16015625,53443.51171875,38728.87890625,78227.96875
2022-02-03,39309.94921875,53395.078125,38636.578125,78586.921875
2022-02-04,39041.94140625,54178.76171875,38530.48046875,78763.28125
2022-02-07,39051.5,55022.26171875,38730.328125,78279.6875
2022-02-08,39712.98828125,55650.328125,38697.05078125,78958.921875
2022-02-09,39776.8515625,55628.62109375,39615.828125,79376.6171875
2022-02-10,39852.58984375,56107.8515625,39688.62890625,79337.359375
2022-02-11,40040.76953125,55722.98828125,40363.6796875,79138.4609375
2022-02-14,39641.109375,56233.0703125,39199.2890625,79311.0703125
2022-02-15,40501.390625,54830.640625,39580.05078125,80565.2578125
2022-02-16,40989.80859375,56000.03125,39772.03125,80502.8828125
2022-02-17,40521.9609375,56007.19921875,39887.76171875,80222.90625
2022-02-18,40331.30078125,56886.55078125,40137.98046875,80099.8828125
2022-02-21,40098.98046875,56728.19921875,39820.76953125,79635.2734375
2022-02-22,39629.76953125,57696.62109375,39418.109375,79053.0625
2022-02-23,39938.53125,56183.73828125,39052.3203125,79402.3671875
2022-02-24,38951.1484375,57200.78125,36764.80078125,76889.3203125
2022-02-25,39626.25,56857.109375,37255.2109375,78020.109375
2022-02-28,39669.78125,60382.87109375,35636.37109375,77599.7890625
2022-03-01,40368.671875,62179.51953125,34922.01953125,77787.3515625
2022-03-02,40260.2890625,63059.8515625,35312.5703125,77636.7421875
2022-03-03,40940.44921875,63006.6484375,34410.6015625,76966.0703125
2022-03-04,39391.69140625,62334.328125,32877.01171875,75182.03125
2022-03-07,37811.48046875,62338.5390625,31894.439453125,72272.6171875
2022-03-08,37381.6484375,61027.171875,31748.94921875,71828.921875
2022-03-09,38293.01171875,58840.6015625,32085.109375,72968.109375
2022-03-10,39065.44140625,60246.3984375,32660.009765625,74145.34375
2022-03-11,39876.25,59432.109375,32606.970703125,73743.0234375
2022-03-14,40252.578125,57196.26953125,33163.01171875,73219.1015625
2022-03-15,39926.05859375,56096.921875,32705.4296875,73801.03125
2022-03-16,41850.98828125,56538.21875,33956.421875,75435.140625
2022-03-17,41681.0,57626.828125,34194.41015625,75662.2578125
2022-03-18,41771.12890625,57986.890625,34718.01171875,76705.578125
2022-03-22,42429.69921875,59456.5390625,34881.05078125,76621.546875
2022-03-23,42380.73828125,59731.23828125,34211.2890625,75689.53125
2022-03-24,42208.30859375,59954.75,33673.71875,75437.296875
2022-03-25,42405.2109375,59019.1796875,33674.0,75937.3671875
2022-03-28,43115.80859375,57566.0390625,34091.6484375,76276.921875
2022-03-29,43879.94140625,55888.55078125,34832.75,76976.578125
2022-03-30,43610.19140625,58383.19921875,34371.48046875,76543.2578125
2022-03-31,43759.80078125,58725.26953125,34245.51171875,76950.296875
2022-04-01,43820.0703125,59269.7109375,34267.48828125,76731.84375
2022-04-04,43662.1484375,58798.76171875,33913.78125,76770.671875
2022-04-05,43188.0390625,58561.73828125,33748.08984375,76238.7890625
2022-04-06,43243.05078125,57796.671875,33163.26171875,77670.7734375
2022-04-07,42788.51953125,57608.53125,33064.37890625,77420.2734375
2022-04-08,42637.76171875,59689.890625,32890.671875,77698.8515625
2022-04-11,42611.76171875,58959.1796875,33032.5,77416.9921875
2022-04-12,42100.1484375,58652.62109375,32552.369140625,77026.5390625
2022-04-13,41195.19140625,58861.69921875,32463.279296875,76185.046875
2022-04-14,41021.26171875,59135.12109375,32659.380859375,75994.0
2022-04-19,41267.44140625,59472.87890625,33113.76171875,76558.6171875
2022-04-20,40781.8203125,58982.21875,33964.25,78480.7578125
2022-04-21,41166.859375,57151.30078125,34729.8515625,79200.3984375
2022-04-22,41098.30078125,54744.41015625,34453.9609375,79629.2578125
2022-04-25,40419.91015625,51470.71875,33726.171875,78007.4921875
2022-04-26,40693.96875,52077.80078125,33630.5703125,78557.6484375
2022-04-28,41120.7890625,53930.01953125,33807.5390625,78960.4609375
2022-04-29,40814.98046875,55482.1796875,34265.6015625,78504.703125
2022-05-03,40016.53125,55229.87109375,34127.9609375,77409.390625
2022-05-04,39877.58984375,54336.08984375,33937.5390625,76412.3203125
2022-05-05,39419.62109375,53828.98046875,34552.890625,76368.5703125
2022-05-06,38460.51953125,52393.48046875,33994.75,74093.9296875
2022-05-09,38003.828125,50967.6796875,33847.390625,74150.5
2022-05-10,38575.1484375,50095.98828125,33917.51953125,74914.1328125
2022-05-11,38797.53125,51393.9296875,33903.55859375,75722.4921875
2022-05-12,38934.1015625,48987.9609375,33473.609375,76072.25
2022-05-13,39271.80859375,50899.71875,33647.28125,77209.609375
2022-05-16,39751.05078125,51669.8515625,33858.94921875,77643.5234375
2022-05-17,39653.859375,52326.1015625,33980.12109375,77408.2421875
2022-05-18,39872.69140625,51598.140625,33408.859375,76750.1015625
2022-05-19,39173.94921875,51286.671875,32448.51953125,75502.390625
2022-05-20,39194.921875,52111.1484375,32563.169921875,74921.296875
2022-05-23,39557.828125,53571.12109375,32547.689453125,75498.3828125
2022-05-24,39276.75,53374.41015625,32201.939453125,75169.0078125
2022-05-25,38410.98828125,53348.30859375,32253.2109375,75491.84375
2022-05-26,39371.16015625,54745.51171875,33021.28125,76785.546875
2022-05-27,40357.4296875,55110.75,33578.0,77088.09375
2022-05-30,41585.578125,55912.140625,33983.8515625,76867.2421875
2022-05-31,41952.91015625,55181.5,34060.23046875,77531.453125
2022-06-01,41028.48046875,54091.3515625,33650.26171875,76999.140625
2022-06-02,40325.921875,55427.44921875,33746.76171875,75934.34375
2022-06-03,40711.1484375,54288.73828125,33354.1484375,76540.546875
2022-06-06,40257.859375,54792.5,33753.5703125,76778.953125
2022-06-07,39593.28125,54763.33984375,33534.75,76255.859375
2022-06-08,39181.078125,54002.328125,33329.76953125,75637.0
2022-06-09,38649.46875,52866.91015625,33211.44140625,74693.2890625
2022-06-10,38096.83984375,51685.7890625,32768.6015625,74613.09375
2022-06-13,37553.37109375,50101.87890625,32118.9296875,74166.75
2022-06-14,37613.33984375,49050.109375,31913.029296875,74156.65625
2022-06-15,38417.76171875,50779.83984375,32735.9296875,76391.8984375
2022-06-17,37331.76953125,48532.828125,31854.560546875,74212.109375
2022-06-20,38166.69921875,49026.19140625,32396.130859375,75747.71875
2022-06-21,38216.80859375,49348.9609375,32664.849609375,75739.1171875
2022-06-22,37941.53125,47545.58984375,32304.359375,74819.71875
2022-06-23,37911.44140625,46468.08984375,32001.849609375,74122.6328125
2022-06-24,38598.71875,46426.51953125,32628.4609375,75275.7578125
2022-06-27,38189.37109375,47222.0390625,32722.779296875,75784.1328125
2022-06-28,38113.69140625,47644.921875,32934.9609375,76040.6796875
2022-06-29,37588.55859375,47422.73046875,32943.51953125,75515.140625
2022-06-30,36459.71875,46033.55078125,32237.310546875,74132.0703125
2022-07-01,36167.421875,44291.609375,31859.419921875,73845.2578125
2022-07-04,36801.5703125,45997.0390625,32649.390625,75071.890625
2022-07-05,35744.91015625,43046.55859375,31349.529296875,73742.21875
2022-07-06,35841.26953125,43795.08984375,31901.6796875,74988.140625
2022-07-07,36701.71875,45993.76171875,32794.6484375,74719.4609375
2022-07-08,37004.08984375,46842.578125,33060.80859375,75538.5703125
2022-07-11,36589.3203125,45257.12890625,32792.19140625,75665.6796875
2022-07-12,36887.58984375,44464.94140625,33088.80859375,75691.9765625
2022-07-13,36340.3984375,44081.5,32063.439453125,74762.609375
2022-07-14,35807.171875,41630.05078125,31842.390625,74189.3984375
2022-07-15,36489.21875,41664.828125,32220.119140625,75639.21875
2022-07-18,37046.609375,43507.859375,33086.58984375,76953.4609375
2022-07-19,37360.109375,43150.37109375,33532.01953125,77422.9375
2022-07-20,37228.01171875,43259.58984375,33470.83984375,76524.4609375
2022-07-21,37923.1484375,42646.37109375,33665.53125,76774.640625
2022-07-22,37616.0,43995.1796875,32821.6015625,76409.203125
2022-07-25,37593.171875,43805.73828125,32708.900390625,75668.640625
2022-07-26,37889.6796875,44563.33984375,32686.359375,76854.3828125
2022-07-27,37931.91015625,44614.05859375,33258.80859375,77119.421875
2022-07-28,38120.01171875,45141.96875,33365.890625,76039.2265625
2022-07-29,38041.03125,46401.48828125,33928.03125,75051.6875
2022-08-01,38017.390625,45489.62109375,34306.87890625,75045.453125
2022-08-02,37660.80859375,44981.0703125,34070.53125,75111.0078125
2022-08-03,38343.0390625,44767.26953125,34497.23828125,75517.03125
2022-08-04,38279.140625,45065.73046875,33469.66015625,74474.046875
2022-08-05,38901.98828125,46165.76171875,33126.7890625,75404.1328125
2022-08-08,39093.359375,46922.1796875,33638.9296875,75976.5
2022-08-10,39147.859375,46544.6484375,33876.2109375,76410.421875
2022-08-11,39671.91015625,47465.390625,34013.6015625,77940.703125
2022-08-12,39915.8203125,46246.26953125,35903.3984375,78438.6484375
2022-08-15,40100.0703125,45702.96875,35574.83984375,78628.71875
2022-08-16,40299.98046875,47154.9609375,35444.01953125,79254.3828125
2022-08-17,40073.3515625,45650.01953125,34967.7109375,80187.609375
2022-08-18,40157.91015625,46088.83984375,35106.4296875,80162.171875
2022-08-19,39032.58984375,44865.58984375,34805.2109375,79373.4375
2022-08-22,38788.421875,44766.51171875,34195.26953125,79854.4375
2022-08-23,38837.16015625,46056.69921875,34164.62109375,79466.6171875
2022-08-24,38580.26953125,45889.30859375,33657.671875,80102.5234375
2022-08-25,38704.30078125,46236.1484375,33096.75,79319.9375
2022-08-26,39051.109375,46468.73046875,33168.4296875,79612.3984375
2022-08-29,38433.53125,45424.19140625,32925.94921875,79658.5234375
2022-08-30,37941.48046875,43750.19140625,32706.630859375,79337.1484375
2022-08-31,37017.87109375,43318.0703125,32761.0703125,78626.21875
2022-09-01,36897.578125,41806.8515625,32380.009765625,78507.2734375
2022-09-02,37386.859375,43279.66015625,32798.5390625,78789.28125
2022-09-05,37674.87109375,43644.78125,32621.609375,78891.828125
2022-09-06,37695.0,43733.421875,33060.96875,78330.5
2022-09-07,36774.76171875,43024.8203125,32471.259765625,77745.03125
2022-09-08,36803.859375,43532.48828125,32723.970703125,78391.078125
2022-09-09,37325.9296875,45329.0390625,33131.8515625,78387.6328125
2022-09-12,37946.75,46273.28125,33800.53125,79170.34375
2022-09-13,36966.5,45006.58984375,33198.98046875,78352.1875
2022-09-14,36504.1796875,44923.8984375,32767.8203125,77814.359375
2022-09-15,36674.26171875,44279.3515625,33231.828125,77321.7109375
2022-09-16,36214.0,44087.3984375,32970.53125,76259.6796875
2022-09-19,35990.73046875,43830.94140625,32700.490234375,76597.9609375
2022-09-20,36211.28125,43547.23828125,32408.16015625,77018.71875
2022-09-21,36203.5,43585.33984375,32143.08984375,76464.921875
2022-09-22,35874.671875,43432.2109375,31788.509765625,75688.109375
2022-09-23,35286.26953125,40484.19140625,30901.05078125,74215.578125
2022-09-26,34883.1796875,40461.328125,30802.73046875,74741.953125
2022-09-27,35369.30859375,41103.98828125,31072.98046875,75318.4921875
2022-09-28,35090.3984375,41626.76953125,30857.25,74601.7421875
2022-09-29,34171.48046875,42955.12109375,30201.720703125,73746.3828125
2022-09-30,34420.62890625,43273.44921875,30886.599609375,73578.453125
2022-10-03,34494.01953125,44260.3515625,30925.4609375,73651.7421875
2022-10-04,35049.69140625,46382.51171875,31360.5,74770.7265625
2022-10-05,34798.26953125,45780.55859375,30856.75,74200.046875
2022-10-06,34883.171875,45548.26171875,31084.83984375,74302.6015625
2022-10-07,35030.4296875,45552.80859375,30898.740234375,74538.90625
2022-10-10,35087.87109375,44622.2109375,31296.720703125,74534.578125
2022-10-11,35194.25,44300.48046875,31084.640625,74654.5
2022-10-12,34775.80078125,44116.05859375,30876.640625,75117.8671875
2022-10-13,35167.0,44044.58984375,31215.25,75093.3515625
2022-10-14,35294.28125,43205.109375,31495.279296875,75165.71875
2022-10-17,36477.5703125,44654.3515625,32122.130859375,76149.1171875
2022-10-18,36449.66015625,44322.69921875,32307.279296875,75884.53125
2022-10-19,37147.671875,43641.21875,32363.05078125,75621.2890625
2022-10-20,37094.578125,43616.609375,32557.240234375,75749.3671875
2022-10-21,36898.4609375,44189.87890625,32507.419921875,75300.609375
2022-10-24,37134.75,44608.1015625,33175.69140625,77034.4296875
2022-10-25,37728.51171875,44518.33984375,33355.6796875,78227.546875
2022-10-26,38533.01171875,45944.08984375,33599.7890625,78703.75
2022-10-27,38714.44921875,45654.33984375,33685.8203125,79784.3828125
2022-10-28,38812.73046875,45110.73046875,33762.3203125,80244.859375
2022-10-31,38495.0390625,45129.7890625,33831.69140625,79679.34375
2022-11-01,38363.359375,45454.3984375,33678.78125,79940.609375
2022-11-02,38452.8984375,45428.7890625,33419.19140625,78102.3515625
2022-11-03,38040.2890625,44001.41015625,32935.109375,77629.5625
2022-11-04,38908.390625,47891.80078125,33575.51171875,78723.15625
2022-11-07,39221.73828125,48155.3515625,34037.96875,78915.6796875
2022-11-08,39180.1015625,47897.41015625,33974.7890625,78621.21875
2022-11-09,39229.8203125,49199.26953125,34179.421875,78974.6484375
2022-11-10,39719.69140625,50009.359375,34669.3984375,79022.109375
2022-11-11,39716.19921875,51971.12890625,34686.5390625,77652.296875
2022-11-14,39770.03125,51696.4296875,34532.3203125,79193.3515625
2022-11-15,39079.30078125,52285.83984375,34581.3203125,78967.1796875
2022-11-16,39087.8203125,50854.01171875,34442.2890625,78039.9375
2022-11-17,39017.5390625,50247.9296875,34289.921875,78746.6796875
2022-11-18,39616.0390625,50279.890625,34812.91015625,79067.6796875
2022-11-21,39659.05078125,49332.58984375,34290.26171875,79249.1328125
2022-11-22,40235.76953125,50163.2109375,34457.51171875,79577.109375
2022-11-23,40367.62890625,51052.2890625,34702.48828125,80491.7421875
2022-11-24,40222.51171875,51329.62890625,34813.80078125,80671.953125
2022-11-25,40374.1015625,51310.30859375,35021.28125,81335.640625
2022-11-28,40395.6484375,50860.859375,34891.19921875,81397.6328125
2022-11-29,39775.578125,51230.3984375,34534.12890625,80333.1328125
2022-11-30,40355.8203125,52639.01953125,34682.171875,80858.2578125
2022-12-01,37876.48046875,54440.359375,35242.8515625,81274.7578125
2022-12-02,38137.33984375,53005.03125,35038.08984375,81389.6328125
2022-12-05,38557.96875,53536.7890625,34850.28125,81442.1015625
2022-12-06,38851.19921875,53003.91015625,34053.41015625,81970.421875
2022-12-07,38548.6796875,52476.8203125,33985.73828125,81559.046875
2022-12-08,38400.25,52948.28125,33897.87109375,81206.828125
2022-12-09,38067.51953125,52631.3515625,34476.578125,81698.609375
2022-12-12,38031.828125,52255.8515625,34182.62890625,81883.1015625
2022-12-13,38244.26953125,53537.109375,34519.3203125,81822.203125
2022-12-14,38210.640625,51341.01171875,34034.3203125,81035.9765625
2022-12-15,37540.96875,50823.7109375,33450.30859375,80217.5390625
2022-12-19,38643.3515625,50745.609375,33298.44140625,80850.3828125
2022-12-20,38547.171875,50739.921875,32904.7109375,80473.7734375
2022-12-21,38864.25,51951.12109375,33205.98046875,80396.5078125
2022-12-22,38580.78125,51071.671875,32907.5390625,79966.2109375
2022-12-23,38992.1484375,51519.140625,33045.44140625,79899.6484375
2022-12-28,38712.37890625,52434.28125,33093.7890625,79687.203125
2022-12-29,38360.890625,51608.58984375,32568.830078125,78688.4375
2022-12-30,38338.46875,50832.23046875,32563.009765625,77972.7890625
2023-01-03,38663.33984375,51570.94140625,32835.1484375,78772.6171875
2023-01-04,38810.73046875,50733.25,32708.830078125,79201.3984375
2023-01-05,38763.7109375,52267.05859375,33317.44140625,79754.828125
2023-01-06,38584.140625,54443.859375,33676.30078125,80215.2734375
2023-01-09,39552.12109375,55532.140625,34071.05078125,80532.703125
2023-01-10,39259.53125,55233.46875,33665.2890625,80393.859375
2023-01-11,39147.9296875,55663.0390625,33647.30078125,79656.90625
2023-01-12,39642.55859375,55618.26953125,34183.44140625,80081.671875
2023-01-13,39820.19921875,56300.94140625,34131.5703125,80322.6328125
2023-01-16,39837.94140625,55988.609375,34358.48046875,80555.3125
2023-01-17,39438.3203125,56063.28125,34479.859375,80410.0
2023-01-18,39642.2109375,56834.75,34516.76171875,80014.3203125
2023-01-19,39571.3984375,56239.76953125,34607.5703125,80817.15625
2023-01-20,39504.0703125,55987.80859375,34385.37109375,80207.4609375
2023-01-23,40011.578125,56574.921875,34972.69140625,80933.359375
2023-01-24,39934.55078125,55860.03125,35179.23046875,80764.5234375
2023-01-25,39646.7109375,56176.12109375,34938.53125,80100.3515625
2023-01-26,39943.30859375,55994.828125,35418.05078125,80046.046875
2023-01-27,40162.96875,55742.69140625,35514.921875,79289.046875
2023-01-30,40197.76953125,55734.7890625,35541.328125,79960.6875
2023-01-31,39844.69140625,54314.1484375,35292.73046875,80038.3984375
2023-02-01,40741.828125,53911.75,35935.7109375,80834.3125
2023-02-02,40804.51171875,53668.9609375,36191.0703125,80648.1328125
2023-02-03,40821.98828125,54003.55078125,36672.390625,80850.5703125
2023-02-06,40391.890625,53169.3984375,36791.05859375,80772.5
2023-02-07,40251.30859375,53603.78125,36360.12109375,80310.9296875
2023-02-08,40305.28125,53618.8984375,36488.48046875,80297.078125
2023-02-09,40411.23046875,53240.1015625,36228.3203125,79480.9765625
2023-02-10,39763.87109375,52045.58984375,35801.44921875,79987.578125
2023-02-13,40127.98828125,52390.8515625,36181.48828125,80967.671875
2023-02-14,40262.7890625,52267.58984375,36352.53125,81212.0390625
2023-02-15,40054.62109375,50625.1015625,36302.6796875,81477.8984375
2023-02-16,40058.55859375,51717.421875,36465.890625,81125.0703125
2023-02-17,40109.9609375,51011.30859375,36295.921875,80674.078125
2023-02-20,40164.28125,52158.37109375,36136.87109375,81444.8515625
2023-02-21,40197.6484375,50722.328125,36440.98828125,81432.8515625
2023-02-22,40513.6484375,48644.69921875,35986.890625,81635.5625
2023-02-23,41165.390625,49149.44140625,35651.3203125,82943.78125
2023-02-24,40294.171875,47075.76171875,35240.05859375,82100.59375
2023-02-27,40421.33984375,47287.4609375,35348.8984375,82581.3515625
2023-02-28,40775.5,47403.1796875,35440.0703125,82479.6484375
2023-03-01,41064.6015625,48092.01953125,35603.08984375,82352.2734375
2023-03-02,40523.640625,47628.16015625,35121.19921875,81898.0234375
2023-03-03,40692.1015625,48768.30859375,35174.6796875,82102.65625
2023-03-06,41026.0390625,47685.87109375,36450.6796875,82504.1171875
2023-03-07,40878.26171875,47250.94140625,36189.73828125,82545.3671875
2023-03-08,40257.19921875,47129.69140625,36127.19140625,81707.140625
2023-03-09,40552.0390625,47008.80859375,35926.69921875,81457.046875
2023-03-10,39859.8984375,46858.30859375,35462.94921875,80810.7109375
2023-03-13,38722.62109375,47753.3984375,35188.37109375,79539.6328125
2023-03-14,38351.51953125,46812.33984375,34847.6796875,78993.609375
2023-03-15,37321.109375,45008.46875,34148.7109375,78020.0625
2023-03-16,37303.5,44404.58984375,34209.8515625,78414.2734375
2023-03-17,37107.53125,45390.0,33878.48828125,77977.8671875
2023-03-20,37027.05859375,47352.98046875,34440.2109375,78217.390625
2023-03-22,37500.3984375,47476.19140625,34648.37890625,78356.78125
2023-03-23,37822.8515625,47071.26953125,34497.76953125,78149.671875
2023-03-24,37240.44140625,46476.94140625,34146.94921875,78096.8828125
2023-03-27,37738.8203125,46869.26171875,34460.1796875,79431.7578125
2023-03-28,38264.66015625,47960.0390625,35130.6484375,80040.84375
2023-03-29,38227.3203125,48085.83984375,34282.640625,80043.84375
2023-03-30,38286.640625,48652.75,34196.19140625,79649.1875
2023-03-31,37980.76953125,47777.12890625,33898.5,79513.7421875
2023-04-03,38379.21875,48275.55859375,34328.51171875,79971.28125
2023-04-04,38759.30859375,49088.0390625,34810.78125,80542.609375
2023-04-05,38366.80859375,48813.3984375,34141.390625,79892.2890625
2023-04-06,38664.171875,49408.8203125,34519.75,80904.5625
2023-04-11,38947.6796875,50965.51171875,34796.30859375,80656.890625
2023-04-12,39216.890625,50950.69921875,34901.328125,80576.546875
2023-04-13,38984.5,51601.25,34680.01953125,79917.203125
2023-04-14,39173.30859375,50603.19140625,34607.23828125,80479.46875
2023-04-17,38626.2890625,50979.96875,34790.26953125,80313.4609375
2023-04-18,38138.48046875,52952.44921875,34469.96875,79941.6796875
2023-04-19,38026.16015625,51762.37890625,34585.80859375,80605.6171875
2023-04-20,38209.94140625,51691.6484375,34225.8203125,80619.859375
2023-04-21,38009.9609375,49898.12890625,34102.421875,80610.5390625
2023-04-24,38021.5,49922.91015625,34303.7109375,81368.15625
2023-04-25,37906.01171875,49139.96875,34107.359375,82236.953125
2023-04-26,38328.7890625,49694.94921875,34194.48046875,82491.6328125
2023-04-28,38566.21875,49714.8984375,34358.16015625,81911.28125
2023-05-02,38261.28125,49252.4609375,34196.98046875,81044.7734375
2023-05-03,38162.51953125,50118.30078125,34158.78125,80763.6015625
2023-05-04,37189.75,50770.359375,33812.2890625,79254.8984375
2023-05-05,37893.390625,51195.640625,34515.53125,79204.7734375
2023-05-08,37973.1484375,52103.73046875,34604.390625,79012.609375
2023-05-09,37903.19140625,51270.53125,34439.23046875,79169.4609375
2023-05-10,37273.44921875,51420.44140625,34377.9609375,78747.71875
2023-05-11,36136.75,50121.640625,34627.94140625,77526.3671875
2023-05-12,36728.5703125,50575.1484375,34853.5390625,78342.4296875
2023-05-15,36626.73828125,50404.12890625,34811.87109375,78020.2109375
2023-05-16,36598.6015625,49825.19921875,34919.390625,77892.5703125
2023-05-17,36211.23046875,50267.73828125,34448.51953125,76985.046875
2023-05-18,36226.48828125,49592.890625,34467.109375,76452.7578125
2023-05-19,36521.6796875,50168.078125,34778.87890625,76961.3515625
2023-05-22,36675.80078125,49820.58984375,34665.44140625,76729.2890625
2023-05-23,36543.2890625,49207.28125,34795.69140625,76623.0
2023-05-24,36332.96875,48136.75,34605.6015625,77234.609375
2023-05-25,36163.62890625,48526.03125,34499.8203125,77483.421875
2023-05-26,36048.1484375,48738.37890625,34448.3203125,77405.328125
2023-05-29,35906.578125,49022.83984375,34511.828125,77424.46875
2023-05-30,35444.94140625,48444.1015625,34587.390625,75273.84375
2023-05-31,35569.58984375,48769.69921875,34057.16015625,74338.0078125
2023-06-01,36074.7109375,49794.640625,34397.94921875,74767.7109375
2023-06-02,36516.2890625,50705.58984375,35129.98828125,74950.21875
2023-06-05,36889.75,50051.46875,34810.16015625,74868.7734375
2023-06-06,37279.21875,50106.58984375,35101.66015625,74729.5703125
2023-06-07,37724.87890625,50620.87890625,34949.80078125,75364.296875
2023-06-08,38132.71875,49902.12109375,34987.1015625,75260.7734375
2023-06-09,38804.6015625,49337.87890625,34672.23828125,76387.8203125
2023-06-12,38221.98046875,48116.05859375,34513.66015625,75764.4296875
2023-06-13,38727.21875,49327.48828125,34943.48828125,77112.421875
2023-06-14,39110.19921875,50152.62109375,35181.4296875,77218.09375
2023-06-15,39514.37109375,50002.83984375,35787.87109375,78036.0
2023-06-19,39590.859375,49000.9296875,35433.12890625,77467.09375
2023-06-20,39620.3203125,47467.69140625,35267.9296875,76926.1328125
2023-06-21,39287.23828125,46324.1484375,34546.80859375,76921.171875
2023-06-22,38784.80859375,45721.2109375,34295.26953125,77295.75
2023-06-23,38251.7890625,45472.5,34209.8984375,77590.171875
2023-06-26,38148.16015625,45279.19140625,34132.828125,76982.03125
2023-06-27,38123.8203125,44579.3515625,33920.44921875,76325.296875
2023-06-28,38350.4296875,44062.33984375,34181.359375,76475.5390625
2023-06-29,38436.05078125,44359.328125,34215.62890625,76582.78125
2023-06-30,39129.91015625,44870.98828125,34662.25,77481.1171875
2023-07-03,39257.1484375,45604.1484375,34670.76953125,77850.4609375
2023-07-04,39458.91015625,45419.1796875,34959.26171875,77962.5703125
2023-07-05,39396.0703125,45136.44921875,34942.5390625,77645.7890625
2023-07-06,38766.28125,43529.26171875,34607.7109375,76556.6328125
2023-07-07,39116.640625,44135.6796875,35098.53125,76730.8125
2023-07-10,38772.26171875,43698.6484375,34804.46875,76726.3203125
2023-07-11,38886.3515625,44250.73046875,34904.03125,77186.390625
2023-07-12,39494.1015625,45784.55859375,35423.51953125,77826.65625
2023-07-13,40051.73046875,46552.859375,35390.21875,77381.3203125
2023-07-14,40203.62109375,46985.12109375,35591.30859375,77771.78125
2023-07-17,40465.7890625,46170.828125,35490.41015625,77768.7890625
2023-07-18,40600.171875,46327.30078125,35765.05078125,77303.6484375
2023-07-19,40649.2890625,46061.12109375,35860.01171875,77380.2734375
2023-07-20,40639.828125,46591.3515625,35819.44921875,77703.2265625
2023-07-21,40553.12109375,46344.8515625,35483.62109375,77837.3828125
2023-07-24,40821.921875,45946.05859375,35421.96875,77506.0703125
2023-07-25,40756.58984375,46969.69140625,35632.01953125,77884.6015625
2023-07-26,41085.83984375,46543.51171875,35918.80078125,78231.0078125
2023-07-27,41807.37890625,46260.390625,36574.7890625,78823.15625
2023-07-28,41870.44921875,45737.73046875,36564.76171875,79424.9375
2023-07-31,41880.94140625,46377.0703125,36609.75,79347.28125
2023-08-01,41870.828125,45368.390625,36994.55859375,80066.1484375
2023-08-02,40901.6796875,43830.55078125,36468.0390625,79096.1796875
2023-08-03,40895.171875,44061.26953125,35496.2109375,79418.796875
2023-08-04,41651.359375,43735.6484375,36366.859375,78996.296875
2023-08-07,41739.4609375,43861.76953125,36592.26171875,79607.0078125
2023-08-08,41890.69921875,43528.9296875,36625.5703125,80085.5
2023-08-10,42231.62890625,43911.73046875,36630.828125,80531.3203125
2023-08-11,42043.76171875,43727.9609375,36593.62109375,79708.1875
2023-08-14,41609.359375,42368.75,36726.9609375,79917.3125
2023-08-15,41100.01953125,41898.03125,36532.578125,79380.78125
2023-08-16,41176.53125,41203.21875,36453.1484375,78975.1015625
2023-08-17,40839.1796875,40501.6484375,36311.7109375,78933.6328125
2023-08-18,40174.16015625,39732.12109375,35872.2109375,78077.1796875
2023-08-21,40835.05859375,39903.37109375,36088.23828125,78854.7578125
2023-08-22,40712.078125,39763.73046875,35858.48046875,78404.2578125
2023-08-23,41228.8203125,40677.75,35692.3984375,78890.3515625
2023-08-24,41551.98046875,40874.171875,35847.328125,79311.671875
2023-08-25,41371.96875,40519.87109375,35926.41015625,79066.8125
2023-08-28,41767.62890625,41674.46875,36576.21875,79606.0390625
2023-08-29,41506.26171875,41262.91015625,36548.23046875,79085.7421875
2023-08-30,41741.96875,41862.8984375,37238.66015625,81132.71875
2023-08-31,41241.33984375,41877.890625,37177.05078125,80712.3125
2023-09-01,41179.671875,41583.69140625,36879.48828125,80075.8203125
2023-09-04,41389.171875,41862.3203125,37260.8203125,80846.9921875
2023-09-05,41294.91015625,41417.33984375,36644.140625,80195.4296875
2023-09-06,40910.75,41177.21875,36332.9609375,79594.9765625
2023-09-07,40494.9609375,40241.55078125,36147.4296875,79397.75
2023-09-08,41150.80078125,40160.828125,35990.19140625,80656.6484375
2023-09-11,41202.26171875,40639.390625,36104.640625,80903.1328125
2023-09-12,41083.5,40887.26171875,35868.98828125,80379.3984375
2023-09-13,40391.5,40560.73828125,35760.8203125,80025.78125
2023-09-14,40053.87109375,42613.609375,36163.87109375,80136.046875
2023-09-15,39541.76171875,43584.75,36439.890625,80612.8125
2023-09-18,39338.73046875,43084.80859375,36773.30078125,79823.1328125
2023-09-19,39284.05859375,42907.7890625,36875.91015625,79489.359375
2023-09-20,40429.6796875,43644.1015625,37068.3984375,79963.4921875
2023-09-21,39910.48046875,42400.37890625,36889.05859375,79148.0
2023-09-22,39915.55078125,42305.51953125,36717.6015625,78428.71875
2023-09-26,39598.390625,41854.828125,36938.7890625,78046.84375
2023-09-27,39419.1484375,41297.44921875,36620.6484375,76978.703125
2023-09-28,39474.8515625,41925.21875,36877.98046875,77433.65625
2023-09-29,39251.91015625,41777.5390625,36889.08984375,77553.5
2023-10-02,38558.359375,40712.12890625,36609.76171875,76506.5234375
2023-10-03,38839.421875,40044.73828125,36128.48828125,76533.296875
2023-10-04,38626.23046875,39765.8984375,36206.640625,75897.8125
2023-10-05,39029.51953125,39931.55859375,36809.12109375,77531.0390625
2023-10-06,39146.4609375,40380.7109375,37018.91015625,76595.6171875
2023-10-09,38896.109375,41284.3515625,36872.75,76292.15625
2023-10-10,40114.73046875,43044.94921875,37364.62109375,77545.21875
2023-10-11,39929.73046875,43062.73828125,37405.23046875,77671.40625
2023-10-12,39424.48828125,43162.98046875,37325.6796875,77652.671875
2023-10-13,39019.98046875,43889.921875,36836.75,75650.09375
2023-10-16,39026.55078125,44051.2890625,36549.58984375,75787.9765625
2023-10-17,39205.12109375,43945.12890625,36276.2109375,74778.0625
2023-10-18,38660.21875,43169.73046875,35799.1796875,74557.2265625
2023-10-19,38558.33984375,42231.25,34722.7109375,74039.140625
2023-10-20,37861.58984375,41899.640625,34594.94921875,74025.1171875
2023-10-23,38169.71875,40977.4296875,34763.48046875,74491.0703125
2023-10-24,38250.94921875,41100.16015625,35066.1015625,74825.6015625
2023-10-25,38119.80078125,40932.44140625,35092.4609375,75055.4375
2023-10-26,37759.87890625,41011.76171875,35111.51953125,75345.3203125
2023-10-27,37358.8515625,40820.6484375,35095.83984375,74388.2109375
2023-10-30,37752.12109375,40992.26171875,35306.6015625,75416.0
2023-10-31,38032.359375,40289.26171875,35546.08984375,75517.390625
2023-11-01,38287.98828125,39707.828125,35917.96875,75952.3125
2023-11-02,39761.48828125,40143.44921875,36291.26171875,77653.6796875
2023-11-03,40340.859375,41135.8203125,36421.73046875,77871.3671875
2023-11-06,40172.171875,42074.12890625,36386.9296875,77776.1328125
2023-11-07,39394.0,40297.8203125,35994.98828125,77330.2109375
2023-11-08,39871.6484375,40668.609375,36287.6484375,78799.6484375
2023-11-09,39831.359375,40137.78125,36661.48828125,78710.8515625
2023-11-10,39996.55859375,38607.30859375,36926.078125,78874.8125
2023-11-13,39757.859375,39196.05078125,37311.140625,79547.3671875
2023-11-14,40723.390625,40886.05078125,37674.078125,79312.7734375
2023-11-15,41702.171875,41152.078125,38124.78125,79337.78125
2023-11-16,40782.76171875,41158.26171875,37751.7109375,79061.8125
2023-11-17,40737.41015625,41476.5390625,37782.80078125,79075.40625
2023-11-20,40945.75,41590.71875,37797.1015625,79170.96875
2023-11-21,41027.91015625,41614.62890625,37137.5703125,79428.28125
2023-11-22,40874.21875,42181.1484375,37186.19921875,80271.8203125
2023-11-23,41227.01953125,42160.44140625,37391.33984375,81207.5
2023-11-24,41675.140625,42263.75,37450.6484375,81641.7734375
2023-11-27,41274.98828125,42542.66015625,37177.6015625,81277.0
2023-11-28,41258.2109375,43132.71875,36434.390625,81251.7421875
2023-11-29,41121.2890625,42990.640625,36108.4609375,80777.7734375
2023-11-30,41171.12109375,43061.5,36435.87890625,81053.671875
2023-12-01,41273.69140625,44024.6796875,36675.76171875,80006.296875
2023-12-04,41513.28125,43066.0,37018.828125,81604.0703125
2023-12-05,41357.7890625,42137.23046875,37009.03125,81503.1875
2023-12-06,41546.859375,42558.359375,37253.1484375,79391.4921875
2023-12-07,40894.0390625,42385.46875,37249.12109375,79326.8671875
2023-12-08,40703.83984375,40116.6484375,37169.4296875,80307.65625
2023-12-11,40919.578125,39483.94921875,37566.859375,80407.078125
2023-12-12,40302.05859375,38030.83984375,36907.1484375,79975.109375
2023-12-13,40640.421875,37539.078125,37150.05859375,79579.390625
2023-12-14,42155.9296875,40260.94921875,38115.16015625,81571.7890625
2023-12-18,41166.98828125,40854.87109375,37543.7890625,79513.28125
2023-12-19,41087.9609375,41706.9609375,38002.62890625,79433.46875
2023-12-20,41436.71875,41584.2109375,38074.1484375,79468.796875
2023-12-21,41596.05078125,42087.28125,38226.921875,79845.5390625
2023-12-22,42324.53125,42406.98828125,38270.7109375,80231.8984375
2023-12-27,43163.5703125,43730.3203125,38839.9296875,81930.3671875
2023-12-28,43189.5,43134.421875,39054.28125,81966.2109375
2023-12-29,43451.69140625,42917.1796875,38964.48828125,82381.3125
2024-01-02,43077.1796875,41777.73828125,38621.890625,82096.6171875
2024-01-03,42259.3984375,40331.51953125,38341.76953125,81598.1484375
2024-01-04,42260.9609375,40318.23046875,38339.37109375,81406.46875
2024-01-05,42350.4609375,40294.80078125,37961.69921875,81865.828125
2024-01-08,42474.140625,39396.5,38146.83984375,82578.7890625
2024-01-09,42512.6484375,39067.55859375,38105.55859375,82242.5234375
2024-01-10,42401.75,38868.7890625,37873.7109375,82759.421875
2024-01-11,42549.19921875,38912.9296875,37681.1015625,82128.8984375
2024-01-12,42685.109375,39751.26953125,37637.58984375,82277.453125
2024-01-15,42022.5703125,39427.7890625,37822.12109375,82269.078125
2024-01-16,41974.37890625,38780.7890625,37691.140625,81722.6015625
2024-01-17,41331.140625,37659.37109375,37381.55859375,81544.2421875
2024-01-18,41635.80859375,37963.12890625,37474.80078125,81260.4296875
2024-01-19,41981.5390625,38104.01171875,37051.94921875,82032.6015625
2024-01-22,41789.109375,37838.98828125,36974.4609375,82406.0078125
2024-01-23,42133.87109375,38894.109375,37456.3984375,81807.6328125
2024-01-24,42280.80859375,39761.3984375,37332.01953125,81941.84375
2024-01-25,41968.12890625,39587.1015625,37745.28125,81664.8203125
2024-01-26,42511.140625,40212.6484375,38124.76171875,82336.03125
2024-01-29,42058.7890625,39968.28125,37757.71875,81987.296875
2024-01-30,42226.19921875,40353.23828125,37438.01171875,82739.2265625
2024-01-31,42468.1796875,40305.25,37174.87109375,82920.7421875
2024-02-01,42117.25,40241.890625,36780.05078125,83410.0078125
2024-02-02,42098.05078125,39726.37890625,36400.26171875,83811.15625
2024-02-05,42099.75,38975.78125,36375.26953125,84360.953125
2024-02-06,42260.55078125,39216.21875,36161.80078125,83955.7265625
2024-02-07,42049.83984375,38644.28125,36301.9609375,83899.546875
2024-02-08,41919.140625,37810.16015625,35630.7890625,84613.90625
2024-02-09,41884.23828125,37062.19140625,35983.828125,83874.2421875
2024-02-12,41886.8515625,37639.05078125,36109.83984375,83430.7890625
2024-02-13,41641.578125,37190.171875,35974.921875,82894.203125
2024-02-14,41979.55859375,36966.73046875,36216.1484375,82502.421875
2024-02-15,41803.87890625,37729.26953125,36177.62890625,82159.703125
2024-02-16,42164.71875,37990.91015625,36050.890625,82451.5234375
2024-02-19,42272.76171875,37883.0703125,36202.75,82482.7109375
2024-02-20,42114.44140625,37549.66015625,36161.83984375,82767.171875
2024-02-21,42458.44140625,36891.62890625,36335.23046875,83109.8515625
2024-02-22,42986.25,37461.23828125,37304.828125,83706.78125
2024-02-23,42731.3515625,38001.41015625,37515.6796875,83712.921875
2024-02-26,42356.578125,37369.46875,37230.12109375,83614.34375
2024-02-27,42128.41015625,37570.96875,36522.1484375,82356.1171875
2024-02-28,41798.12890625,36829.87890625,36716.23828125,82018.9765625
2024-02-29,42068.30078125,37530.51171875,36850.26953125,82097.2734375
2024-03-01,42502.390625,37360.6484375,36930.6484375,81421.859375
2024-03-04,42138.671875,37649.890625,37350.0390625,80958.9609375
2024-03-05,41890.69140625,38052.98828125,37175.51171875,80897.3828125
2024-03-06,42620.80859375,38924.62109375,37801.078125,82727.1796875
2024-03-07,41983.55859375,39963.8984375,37342.19921875,82295.703125
2024-03-08,42177.83984375,40226.80859375,36990.05859375,82191.03125
2024-03-11,42116.2109375,39849.55859375,36429.48046875,82244.296875
2024-03-12,41925.33984375,39573.05078125,36372.19140625,82659.140625
2024-03-13,42073.30078125,40600.62109375,36245.03125,83209.2578125
2024-03-14,41656.6484375,40015.1015625,36276.12109375,82998.7421875
2024-03-15,41154.51171875,39788.0703125,36202.75,81424.0
2024-03-18,40765.62109375,39161.41015625,35625.12890625,80993.078125
2024-03-19,40616.921875,38553.078125,35678.05859375,80541.59375
2024-03-20,40565.48046875,39466.73046875,36111.8203125,80918.828125
2024-03-22,40556.9296875,41152.1015625,36337.921875,81330.3125
2024-03-25,40403.26171875,41292.48046875,36129.08984375,81427.1328125
2024-03-26,40479.03125,41036.75,36224.66015625,81385.140625
2024-03-27,40608.0703125,40892.3515625,36503.69140625,81428.609375
2024-03-28,40581.75,42004.98828125,36358.078125,81702.3125
2024-04-02,40189.94140625,42814.87109375,35747.98046875,81642.3984375
2024-04-03,39781.83984375,42932.4609375,35388.46875,80680.46875
2024-04-04,40431.390625,44444.609375,36277.8515625,80812.3828125
2024-04-05,40137.94921875,44053.25,36120.98828125,79835.0
2024-04-08,40395.69140625,45230.3515625,36262.1015625,79266.1796875
2024-04-09,40703.640625,45891.8515625,36696.19921875,79266.15625
2024-04-10,40222.2109375,45687.44140625,36837.48828125,79330.203125
2024-04-11,40103.7890625,45638.55078125,36765.76171875,79301.71875
2024-04-12,39000.28125,48491.328125,36519.578125,78284.4921875
2024-04-15,38999.05078125,46960.01953125,36652.359375,77684.953125
2024-04-16,38558.3515625,45239.51171875,36244.421875,76748.578125
2024-04-17,37993.53125,46427.66015625,35950.828125,76052.296875
2024-04-18,38208.12890625,46331.71875,36092.94140625,76939.2265625
2024-04-19,38230.6484375,46314.69140625,37136.6484375,77117.328125
2024-04-22,38500.94921875,44606.328125,37314.0390625,77982.796875
2024-04-23,39089.5,43642.46875,37295.890625,78092.28125
2024-04-24,38968.55859375,44159.0703125,37457.80078125,78845.7421875
2024-04-25,38882.98828125,45037.828125,37051.859375,78220.75
2024-04-26,39695.51171875,45310.3984375,37633.5,78654.15625
2024-04-29,40319.78125,46504.98046875,38251.3984375,79252.4296875
2024-04-30,40705.41015625,44610.05859375,38400.3515625,80028.1015625
2024-05-02,40701.25,43964.9609375,38358.3203125,79390.7265625
2024-05-03,40634.80078125,43980.078125,38857.6484375,79708.0234375
2024-05-06,40702.46875,44818.859375,38993.8984375,79438.953125
2024-05-07,40979.03125,44683.69921875,38938.859375,80170.9921875
2024-05-08,41140.62109375,44729.4609375,39260.328125,81491.78125
2024-05-09,41091.609375,45273.2109375,39374.23046875,80924.2265625
2024-05-10,41587.08984375,46528.0703125,39265.6796875,81483.6875
2024-05-13,41737.6484375,46265.66015625,39384.4296875,82035.0703125
2024-05-14,41291.078125,45895.9296875,39649.4296875,82295.25
2024-05-15,41847.76171875,46284.37890625,40020.05859375,82727.1171875
2024-05-16,42134.4296875,45913.73046875,39943.609375,82745.2109375
2024-05-17,42079.62109375,46904.01953125,39802.0390625,82614.578125
2024-05-20,42377.48046875,47713.58984375,39921.01171875,82591.640625
2024-05-21,42392.109375,47334.828125,39561.01171875,81867.7421875
2024-05-22,42389.71875,46602.328125,39818.3203125,82430.0234375
2024-05-23,42135.359375,45826.921875,39567.87109375,82161.359375
2024-05-24,42243.33984375,46124.0390625,40141.328125,81851.6796875
2024-05-27,41851.328125,46369.12890625,40030.51171875,81479.9765625
2024-05-28,41932.55859375,45750.109375,40014.890625,81454.21875
2024-05-30,40571.80078125,45287.328125,39200.6796875,80577.2265625
2024-05-31,40584.6796875,44885.91015625,39190.109375,80439.7109375
2024-06-03,41953.55078125,44304.30078125,39650.87109375,81292.5078125
2024-06-04,41430.58984375,42866.55859375,39369.01171875,80849.7265625
2024-06-05,40749.9296875,43559.390625,38908.5390625,81075.3984375
2024-06-06,40496.328125,44110.75,38869.80859375,81627.6796875
2024-06-07,40820.73828125,43285.671875,38853.3515625,81379.046875
2024-06-10,40731.55859375,42686.8984375,38268.078125,80340.6171875
2024-06-11,41193.578125,41945.8515625,38310.33984375,80035.140625
2024-06-12,41757.30859375,42603.109375,38422.2890625,80514.34375
2024-06-13,42214.87109375,41212.25,38146.16015625,79885.5
2024-06-14,43725.01171875,40686.73828125,38850.25,80411.75
2024-06-18,46540.890625,41136.41015625,40644.44140625,83361.3125
2024-06-19,46887.328125,41951.62109375,41102.62109375,84536.390625
2024-06-20,46127.33984375,42581.390625,41301.7109375,84150.2265625
2024-06-21,46280.03125,42344.37109375,41380.828125,84265.7890625
2024-06-24,45999.23828125,43378.421875,40981.8203125,84456.2265625
2024-06-25,45744.51171875,43104.48046875,40692.91015625,84317.4296875
2024-06-26,45443.66015625,43165.640625,40426.21875,83670.8984375
2024-06-27,44677.3984375,43644.55078125,40891.37109375,83340.4765625
2024-06-28,45900.578125,43304.5703125,41099.01953125,83634.1328125
2024-07-01,46449.76171875,42965.71875,41956.1796875,84199.0
2024-07-02,45726.76171875,43157.0,41545.51953125,84292.2890625
2024-07-03,46405.80078125,44676.109375,42078.69921875,84942.9375
2024-07-04,46578.69140625,45150.48828125,42248.8515625,85298.296875
2024-07-05,46195.37890625,45410.30859375,42173.2890625,84342.4921875
2024-07-08,46483.359375,44924.9296875,42182.48046875,84410.1171875
2024-07-09,46381.3984375,44821.19921875,42057.19140625,84616.6015625
2024-07-10,46098.0,45030.390625,41944.66015625,84627.1484375
2024-07-11,46631.23046875,45158.46875,42190.921875,84845.703125
2024-07-12,46822.390625,45171.58984375,42030.359375,85390.421875
2024-07-15,47392.80078125,45349.7890625,42191.98828125,86375.3828125
2024-07-16,46677.75,45521.05078125,42253.03125,85219.7265625
2024-07-17,46069.53125,45303.48046875,41665.55078125,85367.296875
2024-07-18,46006.671875,44929.44140625,41717.328125,86227.15625
2024-07-19,46207.76953125,44221.08984375,41496.44921875,86300.4296875
2024-07-22,46522.359375,43782.1015625,41847.94921875,87457.8828125
2024-07-23,46792.12890625,44142.51171875,41822.69140625,87272.46875
2024-07-24,46524.19140625,44637.328125,41654.33984375,86982.8125
2024-07-25,47121.58984375,43678.21875,41708.30078125,88461.6484375
2024-07-26,47366.6015625,44260.94921875,41709.5703125,88488.1015625
2024-07-29,47250.44140625,44201.3515625,41702.6484375,88711.921875
2024-07-30,47576.91015625,43793.48828125,41501.0,88831.34375
2024-07-31,48296.76171875,45637.44921875,41747.66015625,89613.40625
2024-08-01,48049.98828125,44519.01171875,41791.26171875,89523.9296875
2024-08-02,47332.76171875,43318.140625,40680.73828125,89200.828125
2024-08-05,46687.078125,42569.41015625,39844.78125,87593.5703125
2024-08-06,46699.37109375,42791.6796875,39691.21875,87636.78125
2024-08-07,47172.3203125,42876.51953125,40599.3203125,88180.0625
2024-08-08,47316.5703125,42589.83984375,40589.62890625,88293.296875
2024-08-12,47080.98046875,42052.5390625,39876.1796875,88060.0390625
2024-08-13,47490.3515625,42374.01953125,39953.98046875,88117.0625
2024-08-14,48152.7109375,42311.0390625,40404.671875,89315.9375
2024-08-15,48868.0703125,42771.01953125,40849.3515625,88668.5703125
2024-08-16,49309.91015625,42894.26171875,41522.19921875,89135.421875
2024-08-19,49877.3984375,43939.30859375,41899.37109375,89541.0625
2024-08-20,49618.19140625,44629.94140625,41692.8515625,89024.1328125
2024-08-21,49797.421875,44475.51953125,41688.921875,89257.78125
2024-08-22,49358.51953125,43586.66015625,41578.4609375,89588.34375
2024-08-23,50258.078125,43120.828125,42309.140625,90118.8984375
2024-08-26,50651.91015625,42897.05078125,42325.19921875,89385.53125
2024-08-27,50966.55078125,42983.51171875,42657.3984375,90112.8515625
2024-08-28,51042.69140625,41864.23828125,42857.73828125,90682.3828125
2024-08-29,51220.66015625,42017.390625,43036.671875,91370.109375
2024-08-30,50951.16015625,40884.48046875,42821.078125,91392.7578125
2024-09-02,50717.80078125,40876.37890625,42547.44140625,91623.96875
2024-09-03,50134.08984375,39512.1796875,42105.46875,90821.6328125
2024-09-04,50344.98828125,39230.2109375,42038.62109375,91077.1328125
2024-09-05,50313.76953125,39187.359375,42324.5,91747.5625
2024-09-06,50205.890625,38465.05859375,41775.83984375,91422.71875
2024-09-09,50493.16015625,38183.51171875,41686.53125,91849.90625
2024-09-10,51034.48046875,37687.12890625,41783.4296875,92468.8984375
2024-09-11,50288.0703125,37163.58984375,41332.08984375,92194.78125
2024-09-12,50693.23828125,38663.69140625,41250.78125,92222.4765625
2024-09-13,50381.26171875,39863.25,40756.5390625,92222.8125
2024-09-16,50367.41015625,40291.078125,40799.2109375,91773.09375
2024-09-17,51002.69921875,40850.37890625,41865.3515625,91950.578125
2024-09-18,51101.5390625,40219.578125,41840.12890625,91855.6171875
2024-09-19,51360.828125,40970.0,41992.83984375,91964.25
2024-09-20,51584.55078125,40807.30859375,41648.33984375,91662.171875
2024-09-23,52313.48046875,41621.23828125,42183.8515625,92115.453125
2024-09-25,52471.08984375,42448.78125,41922.55859375,91819.4296875
2024-09-26,52607.76171875,43196.3984375,42281.078125,91803.921875
2024-09-27,52564.828125,43056.08984375,42553.58984375,92119.3203125
2024-09-30,51871.73046875,42243.71875,42512.94921875,91235.8203125
2024-10-01,51377.8203125,43292.87890625,42061.3515625,91160.140625
2024-10-02,51412.30078125,43775.01171875,41597.6484375,90662.8984375
2024-10-03,51041.0703125,43145.96875,41542.73828125,90187.46875
2024-10-04,51118.80078125,43142.3984375,41615.44140625,90082.3671875
2024-10-07,51170.171875,42553.5390625,41546.48828125,89643.859375
2024-10-08,51147.78125,41584.5390625,41186.91015625,89818.1015625
2024-10-09,50735.5390625,41618.578125,41427.78125,90233.9921875
2024-10-10,51028.671875,41903.46875,40999.078125,89998.7734375
2024-10-11,51875.0,42250.0703125,41715.01953125,90078.546875
2024-10-14,51998.5,42296.41015625,41696.328125,90337.703125
2024-10-15,52397.94921875,41678.6796875,41672.62890625,90806.859375
2024-10-16,52318.48828125,42858.0703125,41257.9296875,90628.2265625
2024-10-17,52076.23046875,44189.53125,41037.0390625,90082.0078125
2024-10-18,52261.5703125,44937.2890625,40765.25,89277.5703125
2024-10-21,51925.16015625,45626.1484375,40692.1796875,89047.2265625
2024-10-22,51456.01171875,45765.01171875,40236.8203125,88602.8828125
2024-10-23,51413.0703125,45008.9609375,39906.08984375,88967.6484375
2024-10-24,51930.7890625,45821.23046875,40081.55078125,88535.109375
2024-10-25,51415.26171875,45968.94140625,40397.6015625,88577.796875
2024-10-28,51858.140625,45982.30859375,41029.0,89589.34375
2024-10-29,50963.640625,46162.2109375,40810.6484375,90046.671875
2024-10-30,51273.98046875,45202.48828125,40593.19921875,89430.7890625
2024-10-31,51001.26953125,43432.1484375,39950.140625,88496.3671875
2024-11-01,51410.26953125,43937.16015625,40276.71875,89272.7578125
2024-11-04,51725.76953125,43654.23828125,40161.8203125,89029.859375
2024-11-05,51890.890625,44223.41015625,40278.58984375,89752.1796875
2024-11-06,51392.28125,42457.55078125,39877.69140625,90255.3671875
2024-11-07,51805.4609375,43808.01171875,39944.328125,90259.8671875
2024-11-08,51505.2890625,42493.26953125,39698.671875,90538.9765625
2024-11-11,51436.12890625,41446.0703125,39627.55859375,90680.859375
2024-11-12,51402.41015625,40106.5,39197.76953125,91368.9609375
2024-11-13,51036.37890625,40108.171875,38898.73046875,91003.390625
2024-11-14,51179.421875,39359.25,39151.26953125,92017.9609375
2024-11-15,51104.2890625,39962.26953125,39061.48828125,91295.046875
2024-11-18,51207.3515625,40669.12890625,39438.26171875,91281.8671875
2024-11-19,51243.0703125,41221.01171875,38895.3203125,90996.3984375
2024-11-20,51845.83984375,41517.03125,39656.62890625,91658.421875
2024-11-21,52340.03125,41014.44921875,39832.328125,92276.09375
2024-11-22,52088.6796875,41874.76171875,39923.25,92745.7421875
2024-11-25,51708.4609375,40758.76953125,39612.96875,91982.9375
2024-11-26,51989.359375,40816.859375,39745.41015625,92910.2578125
2024-11-27,51502.87890625,40955.30078125,39367.8515625,92811.453125
2024-11-28,51588.75,40324.76953125,39687.94140625,92696.4765625
2024-11-29,51257.30078125,40442.9609375,39532.05859375,92127.921875
2024-12-02,51612.12890625,40975.01171875,39679.1484375,93081.4296875
2024-12-03,51176.3203125,41423.91015625,39699.2109375,93264.296875
2024-12-04,51661.1484375,41225.328125,40410.44921875,93722.40625
2024-12-05,52400.51953125,40750.921875,40350.05078125,93607.84375
2024-12-06,52785.78125,40179.55859375,40465.75,93178.9609375
2024-12-09,52977.5703125,41477.4609375,40433.12109375,92903.3515625
2024-12-10,52888.7890625,41184.2109375,40098.30078125,92807.546875
2024-12-11,52450.46875,41304.9296875,40448.5,93287.890625
2024-12-12,52257.08984375,41150.1015625,40487.66015625,93427.7265625
2024-12-13,52578.9609375,40179.1796875,40719.46875,93953.8984375
2024-12-17,51624.859375,39220.578125,39851.37109375,92908.6015625
2024-12-18,51733.6796875,39330.578125,40270.12109375,91788.28125
2024-12-19,50964.3203125,38561.53125,39432.80859375,91407.78125
2024-12-20,51050.859375,38713.1484375,40005.91015625,92288.8125
2024-12-23,51133.609375,38383.96875,39886.19921875,92212.9921875
2024-12-24,51217.23828125,38850.96875,40130.28125,92144.3203125
2024-12-27,50854.94921875,38650.828125,39953.578125,92119.53125
2024-12-30,50584.3515625,38088.62890625,39835.171875,91513.5703125
2024-12-31,50630.328125,38189.48828125,39975.44140625,91353.6171875
2025-01-02,50559.890625,39517.0390625,39777.8984375,91678.2109375
2025-01-03,50953.9609375,39344.87109375,39584.5703125,91851.90625
2025-01-06,51092.33984375,39193.0,39228.01171875,91578.2890625
2025-01-07,51385.890625,39787.828125,39189.828125,92629.5703125
2025-01-08,50523.80859375,39932.69140625,38957.55859375,92296.1015625
2025-01-09,50264.12109375,41474.19140625,38880.1015625,92219.7265625
2025-01-10,49749.05859375,42112.12109375,38775.73046875,92054.2265625
2025-01-13,48821.08984375,41823.1484375,38070.23046875,90266.3203125
2025-01-14,48716.98828125,41608.62890625,37765.8984375,89402.7578125
2025-01-15,49726.390625,42226.58984375,38790.51171875,90130.6796875
2025-01-16,49428.0703125,42314.98828125,38812.1015625,90583.546875
2025-01-17,50248.71875,42631.12890625,39361.48828125,91517.0390625
2025-01-20,49959.80078125,42757.30078125,39367.44140625,91545.4296875
2025-01-21,50091.76953125,43034.19140625,39470.0390625,90710.96875
2025-01-22,49868.171875,43092.51953125,39223.44921875,90218.6484375
2025-01-23,49115.5390625,42619.87890625,38978.1484375,90173.140625
2025-01-24,48840.8203125,43363.109375,39016.6796875,90262.84375
2025-01-27,48642.76171875,42621.1484375,38852.73828125,91386.1796875
2025-01-28,48927.55078125,42171.3203125,38787.109375,92389.5234375
2025-01-29,49395.98046875,42837.5,38953.98828125,92797.3671875
2025-01-30,49419.87109375,43585.1015625,38754.26953125,92869.6015625
2025-01-31,49212.26953125,44517.87890625,38861.23046875,92725.4375
2025-02-03,48696.3984375,44775.390625,38534.69140625,92060.109375
2025-02-04,49291.4609375,44962.578125,39459.6015625,92138.9296875
2025-02-05,49227.55859375,45566.25,38921.1484375,92334.25
2025-02-06,49800.83984375,45520.078125,39266.2109375,93309.7421875
2025-02-07,50124.87890625,45469.16015625,39109.37109375,93329.359375
2025-02-10,50073.421875,46169.58984375,38951.48046875,93197.359375
2025-02-11,49935.0703125,45808.7109375,38786.96875,93189.140625
2025-02-12,50102.078125,45672.12109375,39017.78125,93415.2109375
2025-02-13,49840.25,45767.23828125,39231.5390625,91530.890625
2025-02-14,49805.078125,46098.6484375,39366.0,90985.25
2025-02-17,49682.23046875,44993.12109375,39239.01171875,90578.6796875
2025-02-18,49970.328125,45029.44140625,39066.19140625,90855.046875
2025-02-19,49839.83984375,44174.51953125,38815.94921875,91079.7265625
2025-02-20,49700.890625,45633.01953125,38492.94140625,90679.1796875
2025-02-21,50112.01953125,44532.08984375,38490.0,90369.2421875
2025-02-24,49830.55859375,44204.1015625,37895.859375,90416.2734375
2025-02-25,50159.30859375,43908.921875,38124.71875,91088.390625
2025-02-26,50753.390625,43522.55859375,38013.73046875,91881.4296875
2025-02-27,50158.671875,42780.05078125,37448.078125,91493.7109375
2025-02-28,49594.609375,41481.921875,37376.578125,91128.7265625
2025-03-03,49928.87890625,43688.1015625,37887.6015625,91809.8828125
2025-03-04,49547.8203125,42959.25,36872.62890625,90904.0625
2025-03-05,49734.94921875,44388.3984375,37054.55859375,90503.453125
2025-03-06,49236.76953125,45079.58984375,37081.19140625,90588.203125
2025-03-07,49624.05078125,46151.83984375,37471.421875,90775.8671875
2025-03-10,49047.62890625,45576.421875,37412.75,91102.4765625
2025-03-11,48579.9609375,46186.44140625,37327.48046875,90149.6328125
2025-03-12,48722.23046875,44980.3984375,37424.828125,90574.1875
2025-03-13,48958.96875,45656.01171875,37171.640625,90118.6015625
2025-03-14,49523.48828125,45981.62890625,37514.0703125,90334.75
2025-03-17,49968.21875,46395.5,37780.8515625,90465.953125
2025-03-18,49887.9609375,47468.96875,37308.26953125,89618.1796875
2025-03-19,50394.76171875,48453.3515625,37728.19921875,90241.546875
2025-03-20,50538.6484375,48754.87890625,37847.51171875,90298.7421875
2025-03-24,50217.0703125,47294.08984375,37461.0390625,89826.328125
2025-03-25,50924.078125,47877.890625,37739.05859375,90257.90625
2025-03-26,51278.6796875,47973.0703125,37496.2890625,89770.34375
2025-03-27,51071.30859375,47937.12109375,37405.3515625,90363.6328125
2025-03-28,50086.48046875,49414.37890625,37210.23828125,90642.9921875
2025-03-31,49561.4609375,49038.46875,36299.140625,90931.8515625
2025-04-01,50186.8203125,49805.33984375,36910.91015625,92206.65625
2025-04-02,48591.87890625,50071.2109375,36094.078125,91741.5625
2025-04-03,46280.671875,48629.140625,34893.66015625,89941.8515625
2025-04-04,44491.30078125,43831.73828125,33481.390625,88706.5078125
2025-04-07,45110.5390625,45070.83984375,33987.609375,88695.28125
2025-04-08,46870.359375,45706.05078125,34450.1484375,91415.7265625
2025-04-09,44795.76953125,46686.171875,33297.01171875,89274.8515625
2025-04-10,46573.05859375,50405.26953125,34762.62890625,91339.1484375
2025-04-11,46013.71875,52500.19140625,34764.30859375,91614.6171875
2025-04-14,48043.94921875,52124.53125,35753.98828125,93675.859375
2025-04-15,48329.1796875,53221.98046875,36026.390625,94712.9765625
2025-04-16,48142.578125,54390.91015625,35458.3203125,95308.5390625
2025-04-17,48424.33984375,53039.7890625,35718.26171875,95150.3671875
2025-04-22,48610.98046875,53003.12890625,35799.69921875,95732.0703125
2025-04-23,49299.55859375,50533.44921875,36280.859375,95722.0625
2025-04-24,49776.3984375,50752.1796875,36575.171875,96208.65625
2025-04-25,50212.48046875,49573.98828125,36931.078125,95777.0703125
2025-04-29,50948.6796875,49819.5390625,37020.94140625,96310.0390625
2025-04-30,50867.3203125,49949.87109375,36842.328125,96800.8671875
2025-05-02,51468.55078125,48901.58984375,37705.0,97507.8203125
2025-05-05,51037.140625,50132.109375,37392.94140625,96747.2265625
2025-05-06,50492.12109375,50442.19140625,37140.30859375,96751.2578125
2025-05-07,50409.05078125,50508.73046875,36682.328125,96717.5234375
2025-05-08,50146.12890625,49394.109375,36401.87890625,96406.03125
2025-05-09,50623.19921875,50124.53125,36813.96875,96327.3203125
2025-05-12,51424.140625,47874.80859375,37370.69140625,95450.09375
2025-05-13,51458.8984375,48494.828125,37553.76953125,95014.390625
2025-05-14,51318.421875,47498.91015625,37986.140625,95022.6875
2025-05-15,51705.890625,47746.44921875,37723.4609375,94919.109375
2025-05-16,51927.7109375,47218.51953125,37499.46875,96122.4921875
2025-05-19,51303.96875,48361.26171875,37304.1015625,96260.15625
2025-05-20,50878.80078125,50068.2890625,37454.94140625,96336.8671875
2025-05-21,50937.9609375,51162.7890625,37385.78125,96720.3671875
2025-05-22,50662.0390625,51366.28125,37087.37890625,96309.828125
2025-05-23,50711.51171875,52703.80078125,36860.3984375,97129.796875
2025-05-26,51189.12890625,52007.30078125,37435.91015625,97597.8125
2025-05-27,51150.7890625,51451.5390625,37471.19921875,98167.4921875
2025-05-28,51517.69921875,51639.4609375,37249.94921875,97774.140625
2025-05-29,52110.9609375,51698.03125,37619.828125,98582.2265625
2025-05-30,51997.76953125,51247.640625,37716.44921875,99171.3125
2025-06-02,51828.94921875,53873.0703125,37439.921875,98316.7421875
2025-06-03,51823.19921875,52864.5703125,37583.8203125,98536.7265625
2025-06-04,52006.08984375,53179.890625,37720.12109375,98595.5234375
2025-06-05,52050.73828125,54820.2890625,37586.890625,98396.453125
2025-06-06,52626.3984375,53941.94921875,38145.6796875,98568.4921875
2025-06-09,52324.25,54517.0390625,38431.19140625,97585.359375
2025-06-10,52876.8984375,54215.390625,38140.359375,97967.0625
2025-06-11,52290.76953125,54432.0703125,37861.80859375,98032.609375
2025-06-12,52474.48046875,55476.94921875,37412.1796875,97866.0703125
2025-06-13,51091.48828125,55558.37890625,36331.23828125,96613.453125
2025-06-17,50971.109375,54340.578125,36428.46875,96330.2421875
2025-06-18,50973.19140625,54682.26953125,36469.3203125,97124.0625
2025-06-19,51153.078125,54962.6484375,36690.1484375,97773.59375
2025-06-20,51299.9296875,53997.5,36781.3203125,98026.3671875
2025-06-23,50735.05859375,55181.21875,36394.01171875,97166.7265625
2025-06-24,52310.05078125,53141.78125,36880.26171875,97769.7421875
2025-06-25,51669.44921875,53099.21875,36555.3515625,96713.953125
2025-06-26,51426.0390625,54542.640625,37020.859375,96515.9296875
2025-06-27,52186.62109375,52623.859375,37484.21875,97606.140625
2025-06-30,52442.87109375,53504.51953125,37212.23828125,97186.1875
2025-07-01,52840.19140625,54095.6796875,37244.0390625,97511.6328125
2025-07-02,52280.171875,55115.55859375,37434.69921875,96716.3984375
2025-07-03,52820.078125,54656.328125,37520.8984375,97820.09375
2025-07-04,52515.9296875,55925.171875,37272.53125,97827.71875
2025-07-07,52362.3203125,56041.421875,37028.76171875,97487.71875
2025-07-08,52560.75,55108.94140625,37022.12109375,96725.3828125
2025-07-09,52569.73046875,55148.609375,37218.12109375,97383.9296875
2025-07-10,52367.12890625,55639.48046875,37446.76171875,97633.1796875
2025-07-11,51408.55078125,56839.55078125,36825.6484375,97181.5703125
2025-07-14,51255.01171875,57012.08984375,36411.140625,97055.3671875
2025-07-15,51328.6796875,56915.2109375,36327.828125,96703.8828125
2025-07-16,51791.12890625,56117.76953125,36465.75,97239.2734375
2025-07-17,51984.140625,56355.8515625,36449.9609375,97636.0390625
2025-07-18,52882.30859375,57447.8515625,36775.05859375,98006.140625
2025-07-21,52712.23828125,60072.53125,36618.78125,97817.4921875
2025-07-22,52248.58984375,60243.328125,36626.26171875,97559.3515625
2025-07-23,52454.78125,60448.23828125,37042.80859375,97645.9765625
2025-07-24,52538.4609375,59486.1484375,37024.96875,97941.2890625
2025-07-25,52219.6484375,58395.62890625,36705.609375,97250.9609375
2025-07-28,52336.640625,58200.48828125,36758.80859375,96977.4765625
2025-07-29,52486.30859375,58493.73046875,36783.05078125,97726.5
2025-07-30,52874.8984375,58478.359375,36752.53125,98747.3984375
2025-07-31,53322.62890625,56163.80078125,35804.1796875,97801.359375
2025-08-01,52548.1015625,57415.51171875,35524.7890625,97404.7890625
2025-08-04,52791.9609375,59881.48046875,35140.5703125,97607.8828125
2025-08-05,52185.26953125,61604.7109375,35208.921875,98037.046875
2025-08-06,52275.71875,62300.69921875,35144.71875,97567.703125
2025-08-07,52305.23046875,62935.87890625,35102.69140625,97879.5
2025-08-08,52441.8203125,63362.01171875,35285.328125,98658.6484375
2025-08-11,52778.0390625,62470.8515625,35171.28125,98735.7265625
2025-08-12,53327.671875,62321.08984375,35823.01953125,99375.96875
2025-08-13,53907.58984375,62131.640625,35918.19921875,99042.6875
2025-08-14,54143.8203125,61356.73046875,35683.23828125,99050.3515625
2025-08-15,54141.94921875,61164.078125,35826.1015625,99150.609375
2025-08-18,53785.859375,60773.69140625,35545.25,99245.7265625
2025-08-19,53971.73828125,60144.41015625,36193.23828125,100218.6015625
2025-08-20,53994.05078125,59948.3984375,35927.01953125,100714.19921875
2025-08-21,54009.37890625,61840.80078125,35874.3984375,101209.796875
2025-08-22,54973.359375,61604.44921875,36623.98046875,101166.5
2025-08-25,54495.859375,62591.421875,36444.30078125,100535.3984375
2025-08-26,53890.05078125,62906.30078125,35869.30078125,100106.3984375
2025-08-27,53928.12109375,62429.109375,35948.12890625,99575.203125
2025-08-28,54348.171875,61602.0390625,36108.609375,98883.296875
2025-08-29,53806.609375,62208.83984375,36042.33984375,99203.203125
2025-09-01,53520.5390625,64314.26171875,35120.71875,98277.3984375
2025-09-02,52851.73046875,64873.328125,34140.26171875,97391.703125
2025-09-03,52174.328125,67026.34375,34373.1484375,96721.796875
2025-09-04,51797.78125,64731.3203125,34176.5,97119.203125
2025-09-05,52251.921875,65946.703125,34306.19921875,97583.703125
2025-09-08,52859.51171875,67918.7265625,34594.5703125,97451.3984375
2025-09-09,53050.62890625,68022.71875,34438.12890625,98013.6015625
2025-09-10,52762.421875,69695.578125,33968.37890625,97897.3984375
2025-09-11,53341.2109375,69200.1875,33962.359375,98015.203125
2025-09-12,53753.98828125,69680.3671875,33844.62890625,98315.296875
2025-09-15,53648.44921875,69979.4375,33614.87890625,97939.796875
2025-09-16,53680.390625,70154.2421875,33732.08984375,97469.6015625
2025-09-17,53803.76171875,70014.25,34035.55078125,98291.203125
2025-09-18,54192.9296875,69288.9296875,34026.3203125,98004.0
2025-09-19,53954.76171875,71886.9375,34011.6015625,97735.5
2025-09-22,53248.25,73514.09375,34020.21875,96286.703125
2025-09-23,53529.6484375,75550.40625,33676.19140625,95128.0
2025-09-25,52610.76953125,74731.5390625,33509.53125,95101.796875
2025-09-26,52441.44140625,76791.046875,33581.94921875,94903.6015625
2025-09-29,52191.53125,77643.546875,33632.4296875,94756.8984375
2025-09-30,52331.30078125,78264.9296875,33522.859375,94803.0
2025-10-01,52668.2890625,78939.6796875,33907.12890625,94616.3984375
2025-10-02,52575.6484375,77229.59375,33975.26171875,94991.3984375
2025-10-03,53566.12109375,78510.71875,34398.609375,94750.203125
2025-10-06,54042.0703125,79382.7734375,32837.12109375,94747.0
2025-10-07,53899.05078125,78580.4921875,32508.76953125,94339.796875
2025-10-08,54002.0,81303.328125,32620.55078125,94875.6015625
2025-10-09,54923.73046875,78712.0703125,32988.83984375,95025.203125
2025-10-10,55479.921875,77469.4609375,33100.46875,96841.203125
2025-10-13,55377.109375,80711.78125,33096.21875,96901.8984375
2025-10-14,55349.44140625,80736.609375,33113.48828125,97128.1015625
2025-10-15,55427.7109375,81215.703125,33182.0703125,96928.6015625
2025-10-16,55389.359375,85212.2421875,33115.8203125,97138.5
2025-10-17,55192.98828125,80097.3984375,33133.12109375,97349.203125
2025-10-20,55901.05859375,79894.9921875,33209.921875,97778.703125
2025-10-21,56103.69140625,74213.46875,33200.08984375,97520.6015625
2025-10-22,56774.98046875,72545.1484375,33565.7890625,98486.796875
2025-10-23,57063.25,75907.828125,33736.921875,98371.203125
2025-10-24,56840.0703125,75422.65625,33652.390625,98165.0
2025-10-27,56545.51171875,70446.296875,33384.26953125,97785.203125
2025-10-28,57403.109375,72042.453125,33658.28125,98310.8984375
2025-10-29,56923.28125,74099.0,33400.55078125,97736.0
2025-10-30,56271.3203125,74351.359375,33420.140625,96637.3984375
2025-10-31,56107.30078125,74389.1875,33389.26171875,96674.0
2025-11-03,56326.51953125,73440.8203125,33233.828125,96637.3984375
2025-11-04,55966.26171875,70292.828125,33200.73046875,96638.796875
2025-11-05,56618.25,71994.7109375,33360.21875,97842.5
2025-11-06,56879.359375,73889.59375,33386.80078125,98625.3984375
2025-11-07,56504.80859375,73316.40625,33092.87109375,98314.6015625
2025-11-10,56909.37890625,76296.046875,33276.19921875,97472.796875
2025-11-11,56762.73046875,77698.1015625,33472.1796875,97833.8984375
2025-11-12,57843.3984375,79318.1875,34205.0,98570.0
2025-11-13,58590.76953125,79555.859375,34540.9609375,98271.8984375
2025-11-14,58115.55078125,77415.2265625,33963.109375,97012.703125
2025-11-17,58899.7890625,77281.578125,34045.37109375,97122.5
2025-11-18,58086.73828125,75384.8203125,33495.98828125,96369.703125
2025-11-19,58208.23828125,78749.5625,33933.76171875,96740.1015625
2025-11-20,58431.26953125,77871.0234375,34203.30859375,97029.703125
2025-11-21,57591.94140625,75066.453125,33979.3515625,96997.703125
2025-11-24,57500.8515625,76685.6328125,34149.69140625,96597.703125
2025-11-25,57618.23046875,77632.0234375,34247.7890625,96915.5
2025-11-26,58400.12890625,79724.109375,34689.48046875,97764.6015625
2025-11-27,57549.6796875,79252.46875,34359.3984375,97836.8984375
2025-11-28,57521.671875,81479.640625,34128.4609375,97736.203125
2025-12-01,57564.1484375,83297.3984375,33877.51953125,97646.796875
2025-12-02,57896.41015625,81273.53125,33844.921875,97436.296875
2025-12-03,58546.140625,81276.3125,34233.4609375,98051.703125
2025-12-04,58833.5703125,79989.7890625,34208.75,97353.6015625
2025-12-05,59068.6484375,82957.90625,34216.12109375,97207.0
2025-12-08,58543.5390625,81003.8125,33790.98046875,96762.203125
2025-12-09,58758.71875,80647.59375,33807.75,96933.0
2025-12-10,58734.48046875,81363.28125,33810.62109375,96625.6015625
2025-12-11,58857.12109375,82804.5234375,34095.3515625,96463.296875
2025-12-12,58820.921875,85443.3671875,34204.859375,95389.3984375
2025-12-15,59550.6484375,83492.609375,34256.078125,96714.0
2025-12-17,60278.4609375,84732.546875,34450.78125,97101.0
2025-12-18,60725.640625,85096.7109375,34735.44921875,97519.296875
2025-12-19,60415.87109375,85309.109375,34817.1015625,96604.703125
2025-12-22,60096.9296875,89047.0,34720.16015625,95725.3984375
2025-12-23,60636.55078125,89163.84375,34988.7109375,96339.703125
2025-12-24,60977.76953125,89743.4296875,35121.1015625,95937.6015625
2025-12-29,61172.328125,86229.65625,35502.1796875,96928.1015625
2025-12-30,61199.3984375,87361.703125,35429.7890625,96445.8984375
2025-12-31,61140.7890625,86146.0390625,35626.48828125,96674.203125
2026-01-02,61289.58984375,86357.421875,35475.6796875,96089.796875
2026-01-05,61022.0,88412.0625,35603.96875,94794.8984375
2026-01-06,62042.21875,90582.1015625,36092.25,95285.0
2026-01-07,61846.2890625,89019.7421875,36305.78125,95086.296875
2026-01-08,62023.140625,86777.0625,36198.69921875,96092.8984375
2026-01-09,61907.80078125,89515.859375,36858.1015625,96193.796875
2026-01-12,61437.37890625,94307.8828125,36351.33984375,96285.796875
2026-01-13,61005.16015625,96245.859375,36364.6015625,96606.3984375
2026-01-14,60754.4609375,96988.4765625,36057.578125,96216.6015625
2026-01-15,61624.9609375,96559.5390625,36283.171875,97610.203125
2026-01-16,61864.609375,94942.0390625,36201.078125,97886.296875
2026-01-19,61557.03125,96395.3828125,35782.2890625,97704.8984375
2026-01-20,61594.6796875,98336.203125,35750.46875,96715.703125
2026-01-21,61616.7890625,99540.5,35832.98046875,96898.296875
2026-01-22,62838.80859375,98250.203125,36234.3515625,96664.203125
2026-01-23,62517.96875,101536.3984375,36085.7890625,96198.1015625
2026-01-26,62593.46875,106977.3984375,35712.66015625,95932.3984375
2026-01-27,62861.44140625,102993.3984375,35656.96875,96256.203125
2026-01-28,62480.859375,107870.796875,35521.3203125,96083.5
2026-01-29,63164.640625,107894.296875,35654.8515625,96169.796875
2026-01-30,62787.37109375,97066.6015625,35328.62109375,96646.296875
2026-02-02,63856.140625,92157.296875,35535.55859375,97718.296875
2026-02-03,64109.3203125,95935.203125,35879.73828125,97738.296875
2026-02-04,63596.48046875,98365.8984375,36338.828125,98342.0
2026-02-05,63570.421875,93622.5,36466.9609375,98597.0
2026-02-06,63904.8515625,95402.203125,36308.890625,99757.703125
2026-02-09,63882.55859375,96201.5,36252.83984375,98180.796875
2026-02-10,64559.609375,97279.296875,36611.80859375,97554.296875
2026-02-11,64657.87109375,99661.296875,36779.96875,97916.6015625
2026-02-12,65153.4296875,99499.0,37020.359375,98839.3984375
2026-02-13,64662.421875,97157.796875,36674.4296875,98818.796875
2026-02-16,65274.23828125,96928.703125,36488.828125,98853.0
2026-02-17,65298.48828125,93282.8984375,36330.421875,98992.5
2026-02-18,66586.8203125,97175.6015625,37076.83984375,99574.203125
2026-02-19,66363.828125,96422.203125,37357.87109375,99847.6015625
2026-02-20,66253.96875,99265.6015625,37285.87109375,100143.703125
2026-02-23,66371.890625,103310.0,36914.7109375,100332.203125
2026-02-24,66797.3984375,102744.3984375,37546.9609375,100527.6015625
2026-02-25,66174.203125,107445.8984375,37133.19921875,98844.6015625
2026-02-26,67363.5078125,105733.6015625,37680.51171875,98294.796875
2026-02-27,67275.53125,110092.796875,37603.9609375,98475.8984375
2026-03-02,66122.1015625,109230.8984375,37349.62109375,98739.0
2026-03-03,63614.140625,99023.3984375,35402.828125,96422.203125
2026-03-04,63920.5703125,100306.6015625,35902.8515625,96420.203125
2026-03-05,63448.609375,98017.0,36149.19140625,96544.3984375
2026-03-06,60766.890625,95370.1015625,34872.51953125,94562.296875
2026-03-09,60903.921875,96093.796875,34532.78125,94378.203125
2026-03-10,61867.05078125,98678.203125,34870.37109375,95307.3984375
2026-03-11,61381.3203125,95189.703125,34777.6796875,94520.203125
2026-03-12,60280.5,95869.3984375,34496.44140625,94271.203125
2026-03-13,59945.4609375,90988.703125,34082.0,94638.3984375
2026-03-16,60770.91015625,92305.3984375,34478.5703125,96148.296875
2026-03-17,61193.671875,93441.6015625,34476.0,95668.796875
2026-03-18,60593.80859375,88567.8984375,34485.37890625,94239.703125
2026-03-19,60068.6015625,83070.6015625,33968.6796875,93640.8984375
2026-03-20,59924.69921875,82249.6015625,34173.859375,94004.0
2026-03-23,59979.859375,83250.5,34160.1796875,93560.8984375
2026-03-24,59906.80078125,84068.5,34180.828125,94207.6015625
2026-03-25,61623.01171875,87958.203125,34678.921875,94428.203125
2026-03-26,61040.44921875,86179.0,34757.890625,95502.796875
2026-03-27,60395.94921875,85942.8984375,34637.98828125,95616.296875
2026-03-30,59728.80078125,88905.296875,34320.30859375,95333.8984375
2026-03-31,60247.171875,91260.6015625,34760.140625,95400.8984375
2026-04-01,61118.0,94813.5,35028.30078125,95119.1015625
2026-04-02,61022.578125,94434.0,34840.1015625,95748.1015625
2026-04-07,60840.2109375,92289.296875,34518.0703125,95728.0
2026-04-08,63447.87890625,96451.1015625,36128.19921875,96215.703125
2026-04-09,62255.8984375,96154.796875,35667.03125,95086.703125
